_id,isPb,wpm,acc,rawWpm,consistency,charStats,mode,mode2,quoteLength,restartCount,testDuration,afkDuration,incompleteTestSeconds,punctuation,numbers,language,funbox,difficulty,lazyMode,blindMode,bailedOut,tags,timestamp
6a1ffc0496f1ede6094e00e8,false,56.96,95.97,56.96,68.56,119;0;0;0,words,25,-1,0,25.07,0,0,false,false,english,,normal,false,false,false,,1780481028000
6a1ffbe896f1ede6094dffd2,false,50.93,96.06,50.93,63.64,121;0;0;0,words,25,-1,0,28.51,0,0,false,false,english,,normal,false,false,false,,1780481000000
6a1ffbc896f1ede6094dfec8,false,60.02,100,60.02,78.93,133;0;0;0,words,25,-1,0,26.59,0,0,false,false,english,,normal,false,false,false,,1780480968000
6a1ffbaa96f1ede6094dfdb9,false,49.5,95,49.5,66.15,132;0;0;0,words,25,-1,0,32,0,0,false,false,english,,normal,false,false,false,,1780480938000
6a1ff82496f1ede6094ddacc,false,52.04,100,52.04,76.82,122;0;0;0,words,25,-1,0,28.13,0,0,false,false,english,,normal,false,false,false,,1780480036000
6a1ff80496f1ede6094dd998,false,45.05,93.08,45.05,63.57,121;0;0;0,words,25,-1,0,32.23,0,0,false,false,english,,normal,false,false,false,,1780480004000
6a1fbd0402c8b17f6ccc181f,false,52.37,98.5,52.37,68.08,131;0;0;0,words,25,-1,0,30.02,0,0,false,false,english,,normal,false,false,false,,1780464900000
6a1fbc8102c8b17f6ccc13fe,false,50.46,95.52,50.46,64.74,128;0;0;0,words,25,-1,0,30.44,0,0,false,false,english,,normal,false,false,false,,1780464769000
6a1fbc4602c8b17f6ccc1207,false,47.89,93.28,47.89,70.12,125;0;0;0,words,25,-1,0,31.32,0,0,false,false,english,,normal,false,false,false,,1780464710000
6a1fbbf502c8b17f6ccc0f7f,false,41.65,91.89,41.65,62.06,133;0;0;0,words,25,-1,0,38.32,0,0,false,false,english,,normal,false,false,false,,1780464629000
6a1fbb7302c8b17f6ccc0b97,false,47.04,93.89,47.04,68.82,122;0;0;0,words,25,-1,0,31.12,0,0,false,false,english,,normal,false,false,false,,1780464499000
6a1fbb4302c8b17f6ccc0a1a,false,47.42,98.47,47.42,66.33,128;0;0;0,words,25,-1,0,32.39,0,0,false,false,english,,normal,false,false,false,,1780464451000
6a1fba8102c8b17f6ccc03f2,false,50.14,97.18,50.14,69.91,138;0;0;0,words,25,-1,0,33.03,0,0,false,false,english,,normal,false,false,false,,1780464257000
6a1ebd0671e1d2cb60cd748e,false,55.41,97.18,55.41,72.89,137;0;0;0,words,25,-1,0,29.67,0,0,false,false,english,,normal,false,false,false,,1780399366000
6a1ebcc671e1d2cb60cd7202,false,51.53,97.66,51.53,64.32,125;0;0;0,words,25,-1,0,29.11,0,0,false,false,english,,normal,false,false,false,,1780399302000
6a1ebba071e1d2cb60cd66af,false,51.96,97.14,51.96,70.82,136;0;0;0,words,25,-1,0,31.41,0,0,false,false,english,,normal,false,false,false,,1780399008000
6a1ebb7e71e1d2cb60cd6568,false,54.62,99.26,54.62,73.82,134;0;0;0,words,25,-1,0,29.44,0,0,false,false,english,,normal,false,false,false,,1780398974000
6a1ebaaf71e1d2cb60cd5d9b,false,46.21,93.38,46.21,69.08,127;0;0;0,words,25,-1,0,32.98,0,0,false,false,english,,normal,false,false,false,,1780398767000
6a1eaa0b71e1d2cb60ccbcb7,false,49.06,92.25,49.06,67.39,130;0;0;0,words,25,-1,0,31.8,0,0,false,false,english,,normal,false,false,false,,1780394507000
6a1d7c1672016ea84dd99e49,false,49.33,93.84,49.33,65.5,136;0;0;0,words,25,-1,0,33.08,0,0,false,false,english,,normal,false,false,false,,1780317206000
6a1d7be372016ea84dd99bd7,false,52.12,96.95,52.12,67.68,127;0;0;0,words,25,-1,0,29.24,0,0,false,false,english,,normal,false,false,false,,1780317155000
6a1d7bc372016ea84dd99a73,false,49.1,94.07,49.1,61.76,127;0;0;0,words,25,-1,0,31.04,0,0,false,false,english,,normal,false,false,false,,1780317123000
6a1d7ba172016ea84dd99913,false,57.92,97.71,57.92,69.6,128;0;0;0,words,25,-1,0,26.52,0,0,false,false,english,,normal,false,false,false,,1780317089000
6a1d7b8472016ea84dd997bf,false,52.99,95.83,52.99,64.25,136;0;0;0,words,25,-1,0,30.8,0,0,false,false,english,,normal,false,false,false,,1780317060000
6a1d71eb72016ea84dd92f28,false,57.08,95.17,57.08,74.92,138;0;0;0,words,25,-1,0,29.01,0,0,false,false,english,,normal,false,false,false,,1780314603000
6a1d529772016ea84dd7ff4a,false,50.43,96.38,50.43,69.91,133;0;0;0,words,25,-1,0,31.65,0,0,false,false,english,,normal,false,false,false,,1780306583000
6a1d525572016ea84dd7fca2,false,52.21,96.38,52.21,68.19,132;0;0;0,words,25,-1,0,30.34,0,0,false,false,english,,normal,false,false,false,,1780306517000
6a1d523072016ea84dd7fb4e,false,59.11,100,59.11,78.24,130;0;0;0,words,25,-1,0,26.39,0,0,false,false,english,,normal,false,false,false,,1780306480000
6a1d521372016ea84dd7fa2c,false,45.77,91.43,45.77,60.84,128;0;0;0,words,25,-1,0,33.56,0,0,false,false,english,,normal,false,false,false,,1780306451000
6a1d500f72016ea84dd7e6fb,false,56.99,97.3,56.99,77.66,144;0;0;0,words,25,-1,0,30.32,0,0,false,false,english,,normal,false,false,false,,1780305935000
6a1d483472016ea84dd79bb3,false,49.36,92.65,49.36,61.66,126;0;0;0,words,25,-1,0,30.63,0,0,false,false,english,,normal,false,false,false,,1780303924000
6a1d481472016ea84dd79a72,false,50.83,95.52,50.83,68.62,128;0;0;0,words,25,-1,0,30.22,0,0,false,false,english,,normal,false,false,false,,1780303892000
6a1d141172016ea84dd5d9f0,false,56.89,100,56.89,75.92,127;0;0;0,words,25,-1,0,26.79,0,0,false,false,english,,normal,false,false,false,,1780290577000
6a1d13f572016ea84dd5d921,false,44.76,96.32,44.76,63.35,131;0;0;0,words,25,-1,0,35.12,0,0,false,false,english,,normal,false,false,false,,1780290549000
6a1c6fb272016ea84dd1e1dd,false,52.6,96.75,52.6,57.79,119;0;0;0,words,25,-1,0,27.15,0,0,false,false,english,,normal,false,false,false,,1780248498000
6a1c6f6a72016ea84dd1df6b,false,42.45,91.33,42.45,58.05,137;0;0;0,words,25,-1,0,38.73,0,0,false,false,english,,normal,false,false,false,,1780248426000
6a1c6f1472016ea84dd1dc99,false,48.37,96.48,48.37,68.9,136;0;0;0,words,25,-1,0,33.74,0,0,false,false,english,,normal,false,false,false,,1780248340000
6a1c6a5372016ea84dd1b407,false,56.69,100,56.69,70.16,132;0;0;0,words,25,-1,0,27.94,0,0,false,false,english,,normal,false,false,false,,1780247123000
6a1c59cf72016ea84dd1280c,false,51.41,92.25,51.41,67.32,131;0;0;0,words,25,-1,0,30.58,0,0,false,false,english,,normal,false,false,false,,1780242895000
6a1c59a672016ea84dd126b4,false,40.76,86.39,40.76,58.81,127;0;0;0,words,25,-1,0,37.39,1,0,false,false,english,,normal,false,false,false,,1780242854000
6a1c594c72016ea84dd12381,false,46.92,91.49,46.92,57.59,129;0;0;0,words,25,-1,0,32.99,0,0,false,false,english,,normal,false,false,false,,1780242764000
6a1c321f72016ea84dcfd6a0,false,52.17,96.21,52.17,67.03,126;0;0;0,words,25,-1,0,28.98,0,0,false,false,english,,normal,false,false,false,,1780232735000
6a1c31d872016ea84dcfd485,false,42.57,91.37,42.57,60.27,125;0;0;0,words,25,-1,0,35.24,0,0,false,false,english,,normal,false,false,false,,1780232664000
6a1c317e72016ea84dcfd177,false,51.49,94.81,51.49,66.44,128;0;0;0,words,25,-1,0,29.83,0,0,false,false,english,,normal,false,false,false,,1780232574000
6a1c30be72016ea84dcfcb5f,false,54.38,96.69,54.38,69.92,116;0;0;0,words,25,-1,0,25.6,0,0,false,false,english,,normal,false,false,false,,1780232382000
6a1c308172016ea84dcfc9b3,false,42.1,87.76,44.12,62.43,125;2;1;0,words,25,-1,0,35.63,0,0,false,false,english,,normal,false,false,false,,1780232321000
6a1c304c72016ea84dcfc80c,false,51.7,95.35,51.7,72.88,123;0;0;0,words,25,-1,0,28.55,0,0,false,false,english,,normal,false,false,false,,1780232268000
6a1c302472016ea84dcfc6d0,false,55.99,97.73,55.99,72.18,129;0;0;0,words,25,-1,0,27.65,0,0,false,false,english,,normal,false,false,false,,1780232228000
6a1c2eda72016ea84dcfbc4d,false,49.79,96.97,49.79,67.49,128;0;0;0,words,25,-1,0,30.85,0,0,false,false,english,,normal,false,false,false,,1780231898000
6a1c2e7e72016ea84dcfb98e,false,49.12,96.03,50.78,72.91,118;1;0;1,words,25,-1,0,28.83,0,0,false,false,english,,normal,false,false,false,,1780231806000
6a1c2e3472016ea84dcfb721,false,55.8,98.61,55.8,75.53,142;0;0;0,words,25,-1,0,30.54,0,0,false,false,english,,normal,false,false,false,,1780231732000
6a1c2de272016ea84dcfb4a0,false,46.56,94.81,46.56,67.96,128;0;0;0,words,25,-1,0,32.99,0,0,false,false,english,,normal,false,false,false,,1780231650000
6a1c2dac72016ea84dcfb335,false,40.46,89.51,40.46,55.75,123;0;0;0,words,25,-1,0,36.48,0,0,false,false,english,,normal,false,false,false,,1780231596000
6a1c2d6572016ea84dcfb111,false,54.53,99.21,54.53,78.89,125;0;0;0,words,25,-1,0,27.51,0,0,false,false,english,,normal,false,false,false,,1780231525000
6a1c2d3772016ea84dcfafaa,false,50.94,96.98,50.94,71.49,255;0;0;0,words,50,-1,0,60.07,0,0,false,false,english,,normal,false,false,false,,1780231479000
6a1c2a6e72016ea84dcf99dd,false,47.58,93.33,47.58,63.86,55;0;0;0,words,10,-1,0,13.87,0,0,false,false,english,,normal,false,false,false,,1780230766000
6a1c2a5e72016ea84dcf996f,false,45.96,94.83,45.96,71.65,55;0;0;0,words,10,-1,0,14.36,0,0,false,false,english,,normal,false,false,false,,1780230750000
6a1c2a4e72016ea84dcf98f6,false,45.59,90.32,45.59,73.22,56;0;0;0,words,10,-1,0,14.74,0,0,false,false,english,,normal,false,false,false,,1780230734000
6a1a61da1281484724c48d41,false,36.62,87.27,36.62,45.48,48;0;0;0,words,10,-1,0,15.73,0,0,false,false,english,,normal,false,false,false,,1780113882000
6a172568655b2abc62c591f4,false,51.77,96.15,51.77,56.54,50;0;0;0,words,10,-1,0,11.59,0,0,false,false,english,,normal,false,false,false,,1779901800000
6a17255b655b2abc62c59161,false,48.6,93.62,48.6,76.7,44;0;0;0,words,10,-1,0,10.86,0,0,false,false,english,,normal,false,false,false,,1779901787000
6a17254f655b2abc62c590d4,false,47.79,88.52,47.79,58.78,53;0;0;0,words,10,-1,0,13.31,0,0,false,false,english,,normal,false,false,false,,1779901775000
6a172540655b2abc62c5902f,false,58.56,98,58.56,75.18,48;0;0;0,words,10,-1,0,9.84,0,0,false,false,english,,normal,false,false,false,,1779901760000
6a172535655b2abc62c58f9c,false,51.51,95.83,51.51,72.52,46;0;0;0,words,10,-1,0,10.72,0,0,false,false,english,,normal,false,false,false,,1779901749000
6a172528655b2abc62c58ef6,false,64.44,100,64.44,80.44,56;0;0;0,words,10,-1,0,10.43,0,0,false,false,english,,normal,false,false,false,,1779901736000
6a171d8b655b2abc62c53797,false,54.18,99.21,54.18,67.41,126;0;0;0,words,25,-1,0,27.91,0,0,false,false,english,,normal,false,false,false,,1779899787000
6a171d3d655b2abc62c533c7,false,50.66,98.39,50.66,66.26,122;0;0;0,words,25,-1,0,28.9,1,0,false,false,english,,normal,false,false,false,,1779899709000
6a171d18655b2abc62c531e4,false,49.08,97.83,49.08,68.09,134;0;0;0,words,25,-1,0,32.76,0,0,false,false,english,,normal,false,false,false,,1779899672000
6a171cf4655b2abc62c53022,false,37.56,88.13,37.56,52.59,141;0;0;0,words,25,-1,0,45.04,0,0,false,false,english,,normal,false,false,false,,1779899636000
6a159a56655b2abc62b79171,false,56.4,97.86,56.4,72.71,137;0;0;0,words,25,-1,0,29.15,0,0,false,false,english,,normal,false,false,false,,1779800662000
6a1599e1655b2abc62b78cc5,false,49.85,98.39,49.85,66.52,121;0;0;0,words,25,-1,0,29.13,0,0,false,false,english,,normal,false,false,false,,1779800545000
6a15995a655b2abc62b78736,false,50.42,95.77,50.42,66.87,134;0;0;0,words,25,-1,0,31.89,0,0,false,false,english,,normal,false,false,false,,1779800410000
6a158604655b2abc62b6bf0b,false,50.18,95.26,50.18,69.24,521;0;0;0,words,100,-1,0,124.58,0,0,false,false,english,,normal,false,false,false,,1779795460000
6a157faa655b2abc62b67e8f,false,51.41,97.58,51.41,69.77,525;0;0;0,words,100,-1,0,122.54,1,0,false,false,english,,normal,false,false,false,,1779793834000
6a157eb2655b2abc62b6755f,false,49.33,97.73,49.33,67.16,513;0;0;0,words,100,-1,0,124.78,1,0,false,false,english,,normal,false,false,false,,1779793586000
6a157457655b2abc62b614d0,false,50.64,95.84,50.64,68.78,530;0;0;0,words,100,-1,0,125.6,1,0,false,false,english,,normal,false,false,false,,1779790935000
6a1573d7655b2abc62b60fcf,false,45.76,95.09,45.76,66.17,499;0;0;0,words,100,-1,0,130.85,0,0,false,false,english,,normal,false,false,false,,1779790807000
6a1571bc655b2abc62b5fb74,false,48.55,95.19,48.55,65.78,509;0;0;0,words,100,-1,0,125.8,0,0,false,false,english,,normal,false,false,false,,1779790268000
6a157133655b2abc62b5f629,false,53.86,98.22,53.86,73.5,275;0;0;0,words,50,-1,0,61.27,0,0,false,false,english,,normal,false,false,false,,1779790131000
6a156f2e655b2abc62b5e23a,false,33.98,87.72,33.98,36.31,50;0;0;0,words,10,-1,0,17.66,1,0,false,false,english,,normal,false,false,false,,1779789614000
6a156f1a655b2abc62b5e149,false,59.71,96.43,59.71,61.22,52;0;0;0,words,10,-1,0,10.45,0,0,false,false,english,,normal,false,false,false,,1779789594000
6a156f0e655b2abc62b5e0ca,false,58.25,100,58.25,71.98,53;0;0;0,words,10,-1,0,10.92,0,0,false,false,english,,normal,false,false,false,,1779789582000
6a156ebe655b2abc62b5dde3,false,40.54,93.88,40.54,61.97,46;0;0;0,words,10,-1,0,13.62,0,0,false,false,english,,normal,false,false,false,,1779789502000
6a156ea9655b2abc62b5dd0f,false,60.58,98.11,60.58,69.58,52;0;0;0,words,10,-1,0,10.3,0,0,false,false,english,,normal,false,false,false,,1779789481000
6a156e9a655b2abc62b5dc82,false,56.19,98,56.19,63.24,48;0;0;0,words,10,-1,0,10.25,0,0,false,false,english,,normal,false,false,false,,1779789466000
6a156e8e655b2abc62b5dc0a,false,39.63,90.74,43.94,49.76,46;1;0;0,words,10,-1,0,13.93,1,0,false,false,english,,normal,false,false,false,,1779789454000
6a156e7e655b2abc62b5db54,false,57.13,93.88,57.13,71.63,46;0;0;0,words,10,-1,0,9.66,0,0,false,false,english,,normal,false,false,false,,1779789438000
6a153a1c655b2abc62b3f5c8,false,62.58,98,62.58,71.72,49;0;0;0,words,10,-1,0,9.4,0,0,false,false,english,,normal,false,false,false,,1779776028000
6a153a10655b2abc62b3f556,false,55.78,98.18,55.78,62.12,54;0;0;0,words,10,-1,0,11.62,0,0,false,false,english,,normal,false,false,false,,1779776016000
6a1539f9655b2abc62b3f480,false,48.57,96.12,48.57,57.7,122;0;0;0,words,25,-1,0,30.14,0,0,false,false,english,,normal,false,false,false,,1779775993000
6a144560655b2abc62ac7bf3,false,51.25,96.36,51.25,58.41,53;0;0;0,words,10,-1,0,12.41,0,0,false,false,english,,normal,false,false,false,,1779713376000
6a144552655b2abc62ac7b5e,false,53.88,96,53.88,68.03,48;0;0;0,words,10,-1,0,10.69,0,0,false,false,english,,normal,false,false,false,,1779713362000
6a144540655b2abc62ac7aab,false,47.84,96,47.84,56.96,48;0;0;0,words,10,-1,0,12.04,0,0,false,false,english,,normal,false,false,false,,1779713344000
6a144532655b2abc62ac7a34,false,67.78,100,67.78,85.26,53;0;0;0,words,10,-1,0,9.38,0,0,false,false,english,,normal,false,false,false,,1779713330000
6a144528655b2abc62ac79d3,false,65.53,100,65.53,86.08,54;0;0;0,words,10,-1,0,9.89,0,0,false,false,english,,normal,false,false,false,,1779713320000
6a1444fb655b2abc62ac77f3,false,56.19,95,56.19,65.01,56;0;0;0,words,10,-1,0,11.96,0,0,false,false,english,,normal,false,false,false,,1779713275000
6a144494655b2abc62ac73f7,false,57.75,100,57.75,66.37,51;0;0;0,words,10,-1,0,10.6,0,0,false,false,english,,normal,false,false,false,,1779713172000
6a144470655b2abc62ac729a,false,63.5,100,63.5,80.43,45;0;0;0,words,10,-1,0,8.5,0,0,false,false,english,,normal,false,false,false,,1779713136000
6a144435655b2abc62ac702c,false,62.47,100,62.47,78.47,55;0;0;0,words,10,-1,0,10.57,0,0,false,false,english,,normal,false,false,false,,1779713077000
6a144423655b2abc62ac6f6d,false,44.31,84.62,44.31,63.52,54;0;0;0,words,10,-1,0,14.62,0,0,false,false,english,,normal,false,false,false,,1779713059000
6a1443ec655b2abc62ac6d3b,false,51.13,95.48,51.91,68.12,521;2;0;0,words,100,-1,0,122.29,0,0,false,false,english,,normal,false,false,false,,1779713004000
6a144350655b2abc62ac6763,false,53.83,96.32,53.83,71.68,131;0;0;0,words,25,-1,0,29.21,0,0,false,false,english,,normal,false,false,false,,1779712848000
6a1442f7655b2abc62ac6426,false,51.25,93.66,51.25,58.65,133;0;0;0,words,25,-1,0,31.14,0,0,false,false,english,,normal,false,false,false,,1779712759000
6a1442c4655b2abc62ac6279,false,59.19,99.27,59.19,77.96,136;0;0;0,words,25,-1,0,27.57,0,0,false,false,english,,normal,false,false,false,,1779712708000
6a144284655b2abc62ac601a,false,58.16,99.26,58.16,74.81,135;0;0;0,words,25,-1,0,27.85,0,0,false,false,english,,normal,false,false,false,,1779712644000
6a14425c655b2abc62ac5ea0,false,52.69,96.24,52.69,71.93,127;0;0;0,words,25,-1,0,28.93,0,0,false,false,english,,normal,false,false,false,,1779712604000
6a144200655b2abc62ac5b4e,false,61.57,100,61.57,84.83,133;0;0;0,words,25,-1,0,25.92,0,0,false,false,english,,normal,false,false,false,,1779712512000
6a1441dc655b2abc62ac59e9,false,56.54,97.69,56.54,74.54,126;0;0;0,words,25,-1,0,26.74,0,0,false,false,english,,normal,false,false,false,,1779712476000
6a1441a6655b2abc62ac57ed,false,48.05,95.31,48.05,66.46,122;0;0;0,words,25,-1,0,30.47,0,0,false,false,english,,normal,false,false,false,,1779712422000
6a144180655b2abc62ac5677,false,24.06,93.87,24.06,8.32,152;0;0;0,words,25,-1,0,75.83,30,0,false,false,english,,normal,false,false,false,,1779712384000
6a14411c655b2abc62ac52fe,false,51.07,93.92,51.07,66.54,139;0;0;0,words,25,-1,0,32.66,0,0,false,false,english,,normal,false,false,false,,1779712284000
6a1440e6655b2abc62ac511d,false,48.74,96.92,50.34,68.29,122;0;0;1,words,25,-1,0,30.04,0,0,false,false,english,,normal,false,false,false,,1779712230000
6a14403d655b2abc62ac4a89,false,49.08,88.96,52.35,61.69,135;5;1;0,words,25,-1,0,33.01,0,0,false,false,english,,normal,false,false,false,,1779712061000
6a14400d655b2abc62ac48f4,false,53.6,97.62,53.6,75.36,123;0;0;0,words,25,-1,0,27.54,0,0,false,false,english,,normal,false,false,false,,1779712013000
6a143910655b2abc62ac07df,false,54.25,99.22,54.25,66.08,127;0;0;0,words,25,-1,0,28.09,0,0,false,false,english,,normal,false,false,false,,1779710224000
6a1438d9655b2abc62ac0593,false,49.85,97.16,49.85,61.64,137;0;0;0,words,25,-1,0,32.98,0,0,false,false,english,,normal,false,false,false,,1779710169000
6a143857655b2abc62ac002a,false,52.47,99.24,52.47,75.33,131;0;0;0,words,25,-1,0,29.96,0,0,false,false,english,,normal,false,false,false,,1779710039000
6a143810655b2abc62abfd64,false,46.51,96.21,46.51,67.92,127;0;0;0,words,25,-1,0,32.77,0,0,false,false,english,,normal,false,false,false,,1779709968000
6a14361d655b2abc62abeaa7,false,63.44,100,63.44,78.29,129;0;0;0,words,25,-1,0,24.4,0,0,false,false,english,,normal,false,false,false,,1779709469000
6a143600655b2abc62abe9bd,false,47.96,95.28,49.56,70.69,120;2;0;0,words,25,-1,0,30.03,0,0,false,false,english,,normal,false,false,false,,1779709440000
6a1435cd655b2abc62abe7dc,false,56.28,100,56.28,70.14,129;0;0;0,words,25,-1,0,27.51,1,0,false,false,english,,normal,false,false,false,,1779709389000
6a14359e655b2abc62abe609,false,51.56,99.22,51.56,71.2,128;0;0;0,words,25,-1,0,29.79,0,0,false,false,english,,normal,false,false,false,,1779709342000
6a143550655b2abc62abe35d,false,48.52,97.66,48.52,69.49,125;0;0;0,words,25,-1,0,30.91,0,0,false,false,english,,normal,false,false,false,,1779709264000
6a14352a655b2abc62abe200,false,47.88,96.6,47.88,65.68,140;0;0;0,words,25,-1,0,35.09,0,0,false,false,english,,normal,false,false,false,,1779709226000
6a1434d2655b2abc62abdee7,false,47.17,96.06,47.17,64.11,122;0;0;0,words,25,-1,0,31.04,0,0,false,false,english,,normal,false,false,false,,1779709138000
6a1434a4655b2abc62abdd1f,false,44.79,97.28,44.79,63.78,250;0;0;0,words,50,-1,0,66.97,1,0,false,false,english,,normal,false,false,false,,1779709092000
6a143202655b2abc62abc4b0,false,41.52,90.52,41.52,62.04,276;0;0;0,words,50,-1,0,79.77,1,0,false,false,english,,normal,false,false,false,,1779708418000
6a1431aa655b2abc62abc14f,false,46.17,96.14,46.17,65.88,249;0;0;0,words,50,-1,0,64.71,0,0,false,false,english,,normal,false,false,false,,1779708330000
6a143131655b2abc62abbcd2,false,53.08,97.29,53.08,71.79,250;0;0;0,words,50,-1,0,56.52,0,0,false,false,english,,normal,false,false,false,,1779708209000
6a1430c2655b2abc62abb8b0,false,47.67,96.5,47.67,63.13,247;0;0;0,words,50,-1,0,62.18,0,0,false,false,english,,normal,false,false,false,,1779708098000
6a143055655b2abc62abb4df,false,39.46,92.2,39.46,57.41,271;0;0;0,words,50,-1,0,82.42,1,0,false,false,english,,normal,false,false,false,,1779707989000
6a142ff3655b2abc62abb129,false,48.99,95.14,48.99,61.05,137;0;0;0,words,25,-1,0,33.56,1,0,false,false,english,,normal,false,false,false,,1779707891000
6a142fd0655b2abc62abafff,false,54.46,99.35,54.46,70.91,153;0;0;0,words,25,-1,0,33.71,0,0,false,false,english,,normal,false,false,false,,1779707856000
6a142e00655b2abc62ab9f3e,false,69.25,100,69.25,81.85,55;0;0;0,words,10,-1,0,9.53,0,0,false,false,english,,normal,false,false,false,,1779707392000
6a142df0655b2abc62ab9eb7,false,57.91,100,57.91,73.74,53;0;0;0,words,10,-1,0,10.98,0,0,false,false,english,,normal,false,false,false,,1779707376000
6a142dde655b2abc62ab9e24,false,38.55,80.88,38.55,43.81,54;0;0;0,words,10,-1,0,16.81,0,0,false,false,english,,normal,false,false,false,,1779707358000
6a142dcc655b2abc62ab9d96,false,49.46,92.98,49.46,57.31,53;0;0;0,words,10,-1,0,12.86,0,0,false,false,english,,normal,false,false,false,,1779707340000
6a142dbd655b2abc62ab9d11,false,46.87,87.23,59.54,74.74,37;2;2;0,words,10,-1,0,9.47,0,0,false,false,english,,normal,false,false,false,,1779707325000
6a142d9c655b2abc62ab9bea,false,42.7,87.3,42.7,52.17,55;0;0;0,words,10,-1,0,15.46,0,0,false,false,english,,normal,false,false,false,,1779707292000
6a142d8b655b2abc62ab9b4b,false,51.92,93.65,51.92,61.15,59;0;0;0,words,10,-1,0,13.64,0,0,false,false,english,,normal,false,false,false,,1779707275000
6a142d7c655b2abc62ab9abd,false,56.53,96.43,56.53,76.31,54;0;0;0,words,10,-1,0,11.46,0,0,false,false,english,,normal,false,false,false,,1779707260000
6a142d58655b2abc62ab997c,false,40.67,89.8,40.67,54.46,44;0;0;0,words,10,-1,0,12.98,0,0,false,false,english,,normal,false,false,false,,1779707224000
6a142d48655b2abc62ab98e1,false,45.31,91.53,45.31,63.53,52;0;0;0,words,10,-1,0,13.77,0,0,false,false,english,,normal,false,false,false,,1779707208000
6a142d36655b2abc62ab983e,false,54.57,96.49,54.57,57.56,55;0;0;0,words,10,-1,0,12.09,0,0,false,false,english,,normal,false,false,false,,1779707190000
6a142d24655b2abc62ab9788,false,57.29,98.11,57.29,68.35,52;0;0;0,words,10,-1,0,10.89,0,0,false,false,english,,normal,false,false,false,,1779707172000
6a142d17655b2abc62ab971a,false,52.48,95.65,52.48,59.47,44;0;0;0,words,10,-1,0,10.06,0,0,false,false,english,,normal,false,false,false,,1779707159000
6a142cf2655b2abc62ab95bb,false,48.32,91.38,48.32,47.07,53;0;0;0,words,10,-1,0,13.16,0,0,false,false,english,,normal,false,false,false,,1779707122000
6a142ce3655b2abc62ab9532,false,64.5,96.55,64.5,74.31,56;0;0;0,words,10,-1,0,10.42,0,0,false,false,english,,normal,false,false,false,,1779707107000
6a142cc4655b2abc62ab93eb,false,63.97,96.67,63.97,74.28,58;0;0;0,words,10,-1,0,10.88,0,0,false,false,english,,normal,false,false,false,,1779707076000
6a142cb1655b2abc62ab9337,false,61.71,100,61.71,86.41,46;0;0;0,words,10,-1,0,8.95,0,0,false,false,english,,normal,false,false,false,,1779707057000
6a142ca1655b2abc62ab92a2,false,60.62,100,60.62,73.69,54;0;0;0,words,10,-1,0,10.69,0,0,false,false,english,,normal,false,false,false,,1779707041000
6a142c95655b2abc62ab922d,false,49.61,94.92,49.61,50.38,56;0;0;0,words,10,-1,0,13.55,0,0,false,false,english,,normal,false,false,false,,1779707029000
6a142c86655b2abc62ab9199,false,47.97,89.09,47.97,70.46,49;0;0;0,words,10,-1,0,12.26,0,0,false,false,english,,normal,false,false,false,,1779707014000
6a142c4c655b2abc62ab8f75,false,67.24,100,67.24,75.98,52;0;0;0,words,10,-1,0,9.28,0,0,false,false,english,,normal,false,false,false,,1779706956000
6a142c41655b2abc62ab8f26,false,52.95,95.74,52.95,69.91,45;0;0;0,words,10,-1,0,10.2,0,0,false,false,english,,normal,false,false,false,,1779706945000
6a142c08655b2abc62ab8cff,false,64.43,97.92,64.43,80.75,47;0;0;0,words,10,-1,0,8.75,0,0,false,false,english,,normal,false,false,false,,1779706888000
6a142bfd655b2abc62ab8c95,false,46.65,91.38,46.65,63.68,52;0;0;0,words,10,-1,0,13.38,0,0,false,false,english,,normal,false,false,false,,1779706877000
6a142bef655b2abc62ab8c09,false,49,95.16,49,55.27,56;0;0;0,words,10,-1,0,13.71,0,0,false,false,english,,normal,false,false,false,,1779706863000
6a142ba7655b2abc62ab8961,false,40.43,82.76,40.43,47.37,47;0;0;0,words,10,-1,0,13.95,0,0,false,false,english,,normal,false,false,false,,1779706791000
6a142b95655b2abc62ab88ce,false,58.67,95.12,58.67,88.7,39;0;0;0,words,10,-1,0,7.98,0,0,false,false,english,,normal,false,false,false,,1779706773000
6a142b6e655b2abc62ab874f,false,55.82,96.08,55.82,69.13,48;0;0;0,words,10,-1,0,10.32,0,0,false,false,english,,normal,false,false,false,,1779706734000
6a142b62655b2abc62ab86e4,false,52.4,94.34,52.4,54.34,49;0;0;0,words,10,-1,0,11.22,0,0,false,false,english,,normal,false,false,false,,1779706722000
6a142afe655b2abc62ab830c,false,61.25,100,61.25,75.71,48;0;0;0,words,10,-1,0,9.4,0,0,false,false,english,,normal,false,false,false,,1779706622000
6a142aeb655b2abc62ab8252,false,57.24,98.11,57.24,76.71,52;0;0;0,words,10,-1,0,10.9,0,0,false,false,english,,normal,false,false,false,,1779706603000
6a142ae0655b2abc62ab81e7,false,60.17,98.21,60.17,75.48,55;0;0;0,words,10,-1,0,10.97,0,0,false,false,english,,normal,false,false,false,,1779706592000
6a14281e655b2abc62ab678d,false,50.88,93.44,50.88,63.61,56;0;0;0,words,10,-1,0,13.21,0,0,false,false,english,,normal,false,false,false,,1779705886000
6a142810655b2abc62ab6720,false,66.84,100,66.84,76.5,47;0;0;0,words,10,-1,0,8.44,0,0,false,false,english,,normal,false,false,false,,1779705872000
6a142805655b2abc62ab66b8,false,57.61,98.31,57.61,64.78,58;0;0;0,words,10,-1,0,12.08,0,0,false,false,english,,normal,false,false,false,,1779705861000
6a141cbe655b2abc62ab0053,false,50.26,98,50.26,75.05,49;0;0;0,words,10,-1,0,11.7,0,0,false,false,english,,normal,false,false,false,,1779702974000
6a141cb1655b2abc62aaffdb,false,64.95,98.04,64.95,77.73,50;0;0;0,words,10,-1,0,9.24,0,0,false,false,english,,normal,false,false,false,,1779702961000
6a141ca6655b2abc62aaff6c,false,39.84,88.89,39.84,56.06,48;0;0;0,words,10,-1,0,14.46,1,0,false,false,english,,normal,false,false,false,,1779702950000
6a11a28e655b2abc629948e5,false,50.32,96.93,50.32,68.05,501;0;0;0,words,100,-1,0,119.47,0,0,false,false,english,,normal,false,false,false,,1779540622000
6a11a1e9655b2abc629943bc,true,52.32,96.85,52.62,67.93,521;2;0;1,words,100,-1,0,119.49,0,0,false,false,english,,normal,false,false,false,,1779540457000
6a11a13e655b2abc62993e21,false,55.23,97.4,56.08,71.72,259;2;0;0,words,50,-1,0,56.27,0,0,false,false,english,,normal,false,false,false,,1779540286000
6a11a0f5655b2abc62993b9c,false,51.2,94.92,52.26,66.87,241;2;0;0,words,50,-1,0,56.48,0,0,false,false,english,,normal,false,false,false,,1779540213000
6a11a0b2655b2abc62993986,false,46.28,91.35,46.28,65.63,262;0;0;0,words,50,-1,0,67.93,0,0,false,false,english,,normal,false,false,false,,1779540146000
6a11a054655b2abc6299366a,false,54.42,97.52,55.42,73.24,271;1;0;0,words,50,-1,0,59.76,0,0,false,false,english,,normal,false,false,false,,1779540052000
6a11a003655b2abc629933f0,false,53.62,97.54,53.62,70.74,276;0;0;0,words,50,-1,0,61.77,0,0,false,false,english,,normal,false,false,false,,1779539971000
6a119fb4655b2abc62993180,false,52.39,96.8,52.39,65.69,269;0;0;0,words,50,-1,0,61.62,1,0,false,false,english,,normal,false,false,false,,1779539892000
6a119f68655b2abc62992f1a,false,46.07,96.18,46.07,61.15,274;0;0;0,words,50,-1,0,71.37,0,0,false,false,english,,normal,false,false,false,,1779539816000
6a119f04655b2abc62992c57,false,43.99,95.09,43.99,61.43,270;0;0;0,words,50,-1,1,73.65,1,3.82,false,false,english,,normal,false,false,false,,1779539716000
6a119d60655b2abc62991fd7,false,50.71,97.23,50.71,65.97,281;0;0;0,words,50,-1,0,66.49,0,0,false,false,english,,normal,false,false,false,,1779539296000
6a119d0f655b2abc62991d7c,false,50.08,96.99,50.08,66.2,258;0;0;0,words,50,-1,0,61.82,0,0,false,false,english,,normal,false,false,false,,1779539215000
6a119950655b2abc6298fe73,false,54.49,95.16,54.49,65.21,273;0;0;0,words,50,-1,0,60.12,0,0,false,false,english,,normal,false,false,false,,1779538256000
6a1198fe655b2abc6298fbfa,false,53.28,95.86,53.28,70.24,255;0;0;0,words,50,-1,0,57.43,0,0,false,false,english,,normal,false,false,false,,1779538174000
6a119879655b2abc6298f7fe,false,46.36,94.89,46.36,64.66,260;0;0;0,words,50,-1,0,67.31,0,0,false,false,english,,normal,false,false,false,,1779538041000
6a1197ce655b2abc6298f2af,false,50.4,93.31,51.21,69.58,250;1;1;0,words,50,-1,0,59.52,0,0,false,false,english,,normal,false,false,false,,1779537870000
6a119770655b2abc6298f005,false,54.65,99.28,54.65,71.46,273;0;0;0,words,50,-1,0,59.94,0,0,false,false,english,,normal,false,false,false,,1779537776000
6a1196ee655b2abc6298ec35,false,51.33,96.84,51.33,65.15,276;0;0;0,words,50,-1,0,64.52,0,0,false,false,english,,normal,false,false,false,,1779537646000
6a11968d655b2abc6298e94e,false,50.06,93.24,50.06,66.91,262;0;0;0,words,50,-1,0,62.8,0,0,false,false,english,,normal,false,false,false,,1779537549000
6a119645655b2abc6298e730,false,50.96,96.13,50.96,71.45,272;0;0;0,words,50,-1,0,64.05,0,0,false,false,english,,normal,false,false,false,,1779537477000
6a1195f5655b2abc6298e4be,false,45.96,93.12,45.96,64.72,256;0;0;0,words,50,-1,0,66.84,0,0,false,false,english,,normal,false,false,false,,1779537397000
6a1195a3655b2abc6298e21e,false,46.66,94.51,46.66,68.46,252;0;0;0,words,50,-1,0,64.81,0,0,false,false,english,,normal,false,false,false,,1779537315000
6a11954c655b2abc6298df53,false,46.71,95.77,46.71,64.59,268;0;0;0,words,50,-1,0,68.86,0,0,false,false,english,,normal,false,false,false,,1779537228000
6a1194ef655b2abc6298dc6e,false,54.14,98.14,54.14,68.65,262;0;0;0,words,50,-1,0,58.08,0,0,false,false,english,,normal,false,false,false,,1779537135000
6a119478655b2abc6298d8a2,false,51.16,95.99,51.89,71.35,566;1;1;0,words,100,-1,0,132.75,0,0,false,false,english,,normal,false,false,false,,1779537016000
6a1193b5655b2abc6298d2a7,false,53.17,98.2,53.17,71.47,271;0;0;0,words,50,-1,0,61.16,0,0,false,false,english,,normal,false,false,false,,1779536821000
6a119376655b2abc6298d090,false,48.04,96.44,48.04,69.82,269;0;0;0,words,50,-1,0,67.19,0,0,false,false,english,,normal,false,false,false,,1779536758000
6a119329655b2abc6298ce65,false,50.48,98.42,50.48,73.63,249;0;0;0,words,50,-1,0,59.19,0,0,false,false,english,,normal,false,false,false,,1779536681000
6a1192dc655b2abc6298cbe5,false,55.48,100,55.48,63.1,48;0;0;0,words,10,-1,0,10.38,0,0,false,false,english,,normal,false,false,false,,1779536604000
6a1192d1655b2abc6298cb86,false,49.14,93.88,49.14,78.89,46;0;0;0,words,10,-1,0,11.23,0,0,false,false,english,,normal,false,false,false,,1779536593000
6a1192c4655b2abc6298cb2e,false,48.59,100,48.59,43.6,50;0;0;0,words,10,-1,0,12.35,2,0,false,false,english,,normal,false,false,false,,1779536580000
6a1192b6655b2abc6298cac1,false,50.13,96.3,50.13,66.45,50;0;0;0,words,10,-1,0,11.97,0,0,false,false,english,,normal,false,false,false,,1779536566000
6a1192a8655b2abc6298ca4a,false,42.78,90,42.78,73.32,44;0;0;0,words,10,-1,0,12.34,0,0,false,false,english,,normal,false,false,false,,1779536552000
6a11929a655b2abc6298c9bc,false,56.74,100,56.74,73.24,52;0;0;0,words,10,-1,0,11,1,0,false,false,english,,normal,false,false,false,,1779536538000
6a11928e655b2abc6298c94c,false,60.97,100,60.97,73,47;0;0;0,words,10,-1,0,9.25,0,0,false,false,english,,normal,false,false,false,,1779536526000
6a119283655b2abc6298c8f4,false,57.52,97.96,57.52,66.35,48;0;0;0,words,10,-1,0,10.01,0,0,false,false,english,,normal,false,false,false,,1779536515000
6a11926b655b2abc6298c84f,false,58.29,100,58.29,75.68,55;0;0;0,words,10,-1,0,11.32,0,0,false,false,english,,normal,false,false,false,,1779536491000
6a11925e655b2abc6298c7e3,false,57.64,100,57.64,70.73,56;0;0;0,words,10,-1,0,11.66,0,0,false,false,english,,normal,false,false,false,,1779536478000
6a119251655b2abc6298c770,false,57.88,98.31,57.88,64.78,58;0;0;0,words,10,-1,0,12.02,0,0,false,false,english,,normal,false,false,false,,1779536465000
6a118f9f655b2abc6298b148,false,40.33,89.06,40.33,48.13,57;0;0;0,words,10,-1,0,16.96,0,0,false,false,english,,normal,false,false,false,,1779535775000
6a118f8d655b2abc6298b0ae,false,50.71,98.08,50.71,55.11,51;0;0;0,words,10,-1,0,12.07,0,0,false,false,english,,normal,false,false,false,,1779535757000
6a118f7f655b2abc6298b02e,false,60.79,98.18,60.79,83.8,54;0;0;0,words,10,-1,0,10.66,0,0,false,false,english,,normal,false,false,false,,1779535743000
6a118f73655b2abc6298afc1,false,53.5,90.63,53.5,56.51,58;0;0;0,words,10,-1,0,13.01,0,0,false,false,english,,normal,false,false,false,,1779535731000
6a118f65655b2abc6298af3e,false,53.72,96.23,53.72,60.31,51;0;0;0,words,10,-1,0,11.39,0,0,false,false,english,,normal,false,false,false,,1779535717000
6a118f48655b2abc6298ae66,false,57.12,95.45,57.12,71.74,63;0;0;0,words,10,-1,0,13.23,0,0,false,false,english,,normal,false,false,false,,1779535688000
6a118f39655b2abc6298adf6,false,54.72,98.25,54.72,69.62,56;0;0;0,words,10,-1,0,12.28,0,0,false,false,english,,normal,false,false,false,,1779535673000
6a118f2c655b2abc6298ad91,false,50.34,96.23,50.34,50.61,51;0;0;0,words,10,-1,0,12.16,0,0,false,false,english,,normal,false,false,false,,1779535660000
6a118f1e655b2abc6298ad29,false,55.54,100,55.54,73.65,48;0;0;0,words,10,-1,0,10.37,0,0,false,false,english,,normal,false,false,false,,1779535646000
6a118f12655b2abc6298accb,false,53.63,100,53.63,67.94,49;0;0;0,words,10,-1,0,10.96,0,0,false,false,english,,normal,false,false,false,,1779535634000
6a118f06655b2abc6298ac62,false,59.41,100,59.41,82.61,46;0;0;0,words,10,-1,0,9.29,0,0,false,false,english,,normal,false,false,false,,1779535622000
6a118efb655b2abc6298ac14,false,64.12,98.15,64.12,60.51,53;0;0;0,words,10,-1,0,9.92,0,0,false,false,english,,normal,false,false,false,,1779535611000
6a118ef0655b2abc6298abc7,false,54.73,98.04,54.73,83.65,50;0;0;0,words,10,-1,0,10.96,0,0,false,false,english,,normal,false,false,false,,1779535600000
6a118ee4655b2abc6298ab6e,false,61.31,100,61.31,76.38,45;0;0;0,words,10,-1,0,8.81,0,0,false,false,english,,normal,false,false,false,,1779535588000
6a118ed5655b2abc6298ab05,false,60.76,96.49,60.76,75.75,55;0;0;0,words,10,-1,0,10.86,0,0,false,false,english,,normal,false,false,false,,1779535573000
6a118ec9655b2abc6298aa97,false,52.36,94.83,52.36,72.41,55;0;0;0,words,10,-1,0,12.6,0,0,false,false,english,,normal,false,false,false,,1779535561000
6a118ebb655b2abc6298aa34,false,55.04,94.64,55.04,81.83,53;0;0;0,words,10,-1,0,11.56,0,0,false,false,english,,normal,false,false,false,,1779535547000
6a11853a655b2abc62985f21,false,51.08,95.92,51.08,63.33,47;0;0;0,words,10,-1,0,11.04,0,0,false,false,english,,normal,false,false,false,,1779533114000
6a11852e655b2abc62985eb5,false,54.7,98.15,54.7,80.89,53;0;0;0,words,10,-1,0,11.63,0,0,false,false,english,,normal,false,false,false,,1779533102000
6a118521655b2abc62985e4e,false,39.45,94.23,39.45,34.31,49;0;0;0,words,10,-1,0,14.9,2,0,false,false,english,,normal,false,false,false,,1779533089000
6a11809a655b2abc62983a4b,false,45.49,82.76,45.49,53.08,48;0;0;0,words,10,-1,0,12.66,0,0,false,false,english,,normal,false,false,false,,1779531930000
6a11808c655b2abc629839d8,false,54,96.15,59.75,79.65,47;1;0;0,words,10,-1,0,10.44,0,0,false,false,english,,normal,false,false,false,,1779531916000
6a11807e655b2abc6298396b,false,55.29,95.92,55.29,66.35,47;0;0;0,words,10,-1,0,10.2,0,0,false,false,english,,normal,false,false,false,,1779531902000
6a11806c655b2abc629838cf,false,56.98,100,56.98,79.8,48;0;0;0,words,10,-1,0,10.11,0,0,false,false,english,,normal,false,false,false,,1779531884000
6a118061655b2abc6298387a,false,48.02,89.29,50.96,56.96,49;1;0;0,words,10,-1,0,12.24,0,0,false,false,english,,normal,false,false,false,,1779531873000
6a118051655b2abc6298380d,false,50.75,100,50.75,74.59,51;0;0;0,words,10,-1,0,12.06,0,0,false,false,english,,normal,false,false,false,,1779531857000
6a11801e655b2abc6298369d,false,48.91,93.18,56.64,69.17,38;2;0;0,words,10,-1,0,9.32,0,0,false,false,english,,normal,false,false,false,,1779531806000
6a11800b655b2abc6298360c,false,59.31,100,59.31,63.89,54;0;0;0,words,10,-1,0,10.93,0,0,false,false,english,,normal,false,false,false,,1779531787000
6a117fff655b2abc629835c3,false,58.31,96.61,58.31,74.25,57;0;0;0,words,10,-1,0,11.73,0,0,false,false,english,,normal,false,false,false,,1779531775000
6a117fe9655b2abc6298350a,false,60.3,100,60.3,74.36,58;0;0;0,words,10,-1,0,11.54,0,0,false,false,english,,normal,false,false,false,,1779531753000
6a117fd5655b2abc6298346a,false,57.25,96.3,57.25,57.36,52;0;0;0,words,10,-1,0,10.9,0,0,false,false,english,,normal,false,false,false,,1779531733000
6a117fc9655b2abc62983405,false,46.81,88.33,46.81,56.25,53;0;0;0,words,10,-1,0,13.59,0,0,false,false,english,,normal,false,false,false,,1779531721000
6a117ddf655b2abc6298259f,false,50.69,98,50.69,59.85,49;0;0;0,words,10,-1,0,11.6,0,0,false,false,english,,normal,false,false,false,,1779531231000
6a117dd2655b2abc62982538,false,58.87,100,58.87,62.06,54;0;0;0,words,10,-1,0,11.01,0,0,false,false,english,,normal,false,false,false,,1779531218000
6a117dc6655b2abc629824e0,false,51.62,98.18,51.62,76.72,54;0;0;0,words,10,-1,0,12.55,0,0,false,false,english,,normal,false,false,false,,1779531206000
6a117db7655b2abc62982471,false,58.63,100,58.63,72.61,55;0;0;0,words,10,-1,0,11.26,0,0,false,false,english,,normal,false,false,false,,1779531191000
6a117dab655b2abc62982416,false,59.37,96.43,59.37,76.35,54;0;0;0,words,10,-1,0,10.91,0,0,false,false,english,,normal,false,false,false,,1779531179000
6a117c85655b2abc62981bb7,false,50.45,93.75,55.04,65.77,44;2;0;1,words,10,-1,0,10.47,0,0,false,false,english,,normal,false,false,false,,1779530885000
6a117c78655b2abc62981b67,false,59.21,100,59.21,78.88,51;0;0;0,words,10,-1,0,10.34,0,0,false,false,english,,normal,false,false,false,,1779530872000
6a117c6d655b2abc62981b0b,false,40.14,88.24,40.14,59.56,59;0;0;0,words,10,-1,0,17.64,0,0,false,false,english,,normal,false,false,false,,1779530861000
6a117950655b2abc629803ba,false,36.76,94,36.76,32.18,47;0;0;0,words,10,-1,0,15.34,2,0,false,false,english,,normal,false,false,false,,1779530064000
6a11793f655b2abc6298032a,false,61.98,100,61.98,78.94,60;0;0;0,words,10,-1,0,11.62,0,0,false,false,english,,normal,false,false,false,,1779530047000
6a117932655b2abc629802cd,false,56.86,100,56.86,65.99,44;0;0;0,words,10,-1,0,9.29,0,0,false,false,english,,normal,false,false,false,,1779530034000
6a117928655b2abc6298027f,false,45.72,87.76,45.72,57.08,43;0;0;0,words,10,-1,0,11.29,0,0,false,false,english,,normal,false,false,false,,1779530024000
6a1178ce655b2abc6297ffbe,false,44.68,91.23,44.68,54.9,52;0;0;0,words,10,-1,0,13.97,0,0,false,false,english,,normal,false,false,false,,1779529934000
6a1178be655b2abc6297ff50,false,37.62,87.88,37.62,54.32,53;0;0;0,words,10,-1,0,16.91,0,0,false,false,english,,normal,false,false,false,,1779529918000
6a1178a8655b2abc6297fea9,false,58.02,96,58.02,71.27,48;0;0;0,words,10,-1,0,9.93,0,0,false,false,english,,normal,false,false,false,,1779529896000
6a117898655b2abc6297fe32,false,53.72,95,53.72,68.78,57;0;0;0,words,10,-1,0,12.73,0,0,false,false,english,,normal,false,false,false,,1779529880000
6a117889655b2abc6297fdc6,false,63.77,100,63.77,73.47,49;0;0;0,words,10,-1,0,9.22,0,0,false,false,english,,normal,false,false,false,,1779529865000
6a11787d655b2abc6297fd6a,false,52.32,91.8,52.32,69.82,56;0;0;0,words,10,-1,0,12.84,0,0,false,false,english,,normal,false,false,false,,1779529853000
6a11786f655b2abc6297fcfd,false,64.52,100,64.52,88.88,48;0;0;0,words,10,-1,0,8.93,0,0,false,false,english,,normal,false,false,false,,1779529839000
6a117864655b2abc6297fcb1,false,32.27,96.23,32.27,22.6,51;0;0;0,words,10,-1,0,18.96,4,0,false,false,english,,normal,false,false,false,,1779529828000
6a103d4d655b2abc628e2afc,false,50.02,90.48,50.02,64.54,57;0;0;0,words,10,-1,0,13.67,0,0,false,false,english,,normal,false,false,false,,1779449165000
6a103d3b655b2abc628e2a4b,false,59.38,100,59.38,73.18,63;0;0;0,words,10,-1,0,12.73,0,0,false,false,english,,normal,false,false,false,,1779449147000
6a103d2c655b2abc628e29c0,false,53.61,96.23,53.61,66.1,51;0;0;0,words,10,-1,0,11.42,0,0,false,false,english,,normal,false,false,false,,1779449132000
6a103d20655b2abc628e2958,false,48.93,98,48.93,54.62,49;0;0;0,words,10,-1,0,12.02,0,0,false,false,english,,normal,false,false,false,,1779449120000
6a103d12655b2abc628e28d9,false,54.43,96.36,54.43,74.14,53;0;0;0,words,10,-1,0,11.68,0,0,false,false,english,,normal,false,false,false,,1779449106000
6a103d06655b2abc628e2862,false,53.26,98.31,53.26,56.86,58;0;0;0,words,10,-1,0,13.07,0,0,false,false,english,,normal,false,false,false,,1779449094000
6a1039c8655b2abc628e08af,false,56.64,100,56.64,72.05,55;0;0;0,words,10,-1,0,11.65,0,0,false,false,english,,normal,false,false,false,,1779448264000
6a1038bf655b2abc628dfef6,false,42.96,92.61,43.79,61.45,517;0;1;1,words,100,-1,0,144.4,0,0,false,false,english,,normal,false,false,false,,1779447999000
6a102977655b2abc628d70c6,false,45.98,87.93,45.98,59.37,51;0;0;0,words,10,-1,0,13.31,0,0,false,false,english,,normal,false,false,false,,1779444087000
6a102967655b2abc628d7040,false,58.31,100,58.31,77.3,43;0;0;0,words,10,-1,0,8.85,0,0,false,false,english,,normal,false,false,false,,1779444071000
6a10295c655b2abc628d6ff1,false,55.64,95.24,55.64,67.16,60;0;0;0,words,10,-1,0,12.94,0,0,false,false,english,,normal,false,false,false,,1779444060000
6a10294e655b2abc628d6f80,false,51.96,87.67,51.96,59.92,64;0;0;0,words,10,-1,0,14.78,0,0,false,false,english,,normal,false,false,false,,1779444046000
6a102935655b2abc628d6eb3,false,59.06,92.86,59.06,73.37,52;0;0;0,words,10,-1,0,10.57,0,0,false,false,english,,normal,false,false,false,,1779444021000
6a102929655b2abc628d6e3d,false,41.07,84.48,41.07,56.9,48;0;0;0,words,10,-1,0,14.02,0,0,false,false,english,,normal,false,false,false,,1779444009000
6a1028ca655b2abc628d6b0d,false,50.86,89.06,50.86,72.94,57;0;0;0,words,10,-1,0,13.45,0,0,false,false,english,,normal,false,false,false,,1779443914000
6a1028bb655b2abc628d6a8e,false,54.14,97.78,54.14,77.87,44;0;0;0,words,10,-1,0,9.75,0,0,false,false,english,,normal,false,false,false,,1779443899000
6a1028af655b2abc628d6a09,false,42.65,88.33,42.65,49.23,52;0;0;0,words,10,-1,0,14.63,0,0,false,false,english,,normal,false,false,false,,1779443887000
6a102871655b2abc628d67eb,false,67.15,100,67.15,71.78,47;0;0;0,words,10,-1,0,8.4,0,0,false,false,english,,normal,false,false,false,,1779443825000
6a10285d655b2abc628d674f,false,62.83,94.55,62.83,74.73,52;0;0;0,words,10,-1,0,9.93,0,0,false,false,english,,normal,false,false,false,,1779443805000
6a10284e655b2abc628d66b2,false,59,94.23,59,72.56,49;0;0;0,words,10,-1,0,9.97,0,0,false,false,english,,normal,false,false,false,,1779443790000
6a102843655b2abc628d6645,false,52.24,100,52.24,63.23,45;0;0;0,words,10,-1,0,10.34,0,0,false,false,english,,normal,false,false,false,,1779443779000
6a102837655b2abc628d65d7,false,50.72,100,50.72,64.38,46;0;0;0,words,10,-1,0,10.88,1,0,false,false,english,,normal,false,false,false,,1779443767000
6a10282b655b2abc628d6548,false,59.81,100,59.81,68.47,63;0;0;0,words,10,-1,0,12.64,0,0,false,false,english,,normal,false,false,false,,1779443755000
6a10281d655b2abc628d64ab,false,56.86,98.36,56.86,74.51,60;0;0;0,words,10,-1,0,12.66,0,0,false,false,english,,normal,false,false,false,,1779443741000
6a10280e655b2abc628d6415,false,51.91,90.57,51.91,59.25,48;0;0;0,words,10,-1,0,11.1,0,0,false,false,english,,normal,false,false,false,,1779443726000
6a102730655b2abc628d5b85,false,59.94,100,59.94,69.76,59;0;0;0,words,10,-1,0,11.81,0,0,false,false,english,,normal,false,false,false,,1779443504000
6a10271c655b2abc628d5acf,false,57.86,100,57.86,72.1,51;0;0;0,words,10,-1,0,10.58,0,0,false,false,english,,normal,false,false,false,,1779443484000
6a102710655b2abc628d5a5b,false,50.68,98.21,50.68,63.42,55;0;0;0,words,10,-1,0,13.02,0,0,false,false,english,,normal,false,false,false,,1779443472000
6a102701655b2abc628d59ba,false,52.5,94.23,52.5,74.49,49;0;0;0,words,10,-1,0,11.2,0,0,false,false,english,,normal,false,false,false,,1779443457000
6a102689655b2abc628d54ff,false,50.5,98.18,50.5,73.64,54;0;0;0,words,10,-1,0,12.83,0,0,false,false,english,,normal,false,false,false,,1779443337000
6a10267b655b2abc628d5479,false,53.3,92.98,53.3,68.86,53;0;0;0,words,10,-1,0,11.93,0,0,false,false,english,,normal,false,false,false,,1779443323000
6a10266e655b2abc628d53dc,false,54.16,100,54.16,66.54,48;0;0;0,words,10,-1,0,10.63,0,0,false,false,english,,normal,false,false,false,,1779443310000
6a102664655b2abc628d5372,false,55.95,94.74,55.95,73.09,54;0;0;0,words,10,-1,0,11.58,0,0,false,false,english,,normal,false,false,false,,1779443300000
6a0efa61655b2abc6282a501,false,56.16,96.23,56.16,75.58,51;0;0;0,words,10,-1,0,10.9,0,0,false,false,english,,normal,false,false,false,,1779366497000
6a0efa55655b2abc6282a476,false,48.74,90.57,48.74,72.54,47;0;0;0,words,10,-1,0,11.57,0,0,false,false,english,,normal,false,false,false,,1779366485000
6a0efa36655b2abc6282a32a,false,56.55,100,56.55,87,51;0;0;0,words,10,-1,0,10.82,0,0,false,false,english,,normal,false,false,false,,1779366454000
6a0efa2a655b2abc6282a292,false,61.62,98.08,61.62,76.19,51;0;0;0,words,10,-1,0,9.93,0,0,false,false,english,,normal,false,false,false,,1779366442000
6a0efa1d655b2abc6282a20a,false,56.35,100,56.35,63.63,57;0;0;0,words,10,-1,0,12.14,0,0,false,false,english,,normal,false,false,false,,1779366429000
6a0efa0f655b2abc6282a166,false,59.61,100,59.61,76.97,51;0;0;0,words,10,-1,0,10.27,0,0,false,false,english,,normal,false,false,false,,1779366415000
6a0efa04655b2abc6282a0e3,false,58.21,97.83,58.21,73.91,45;0;0;0,words,10,-1,0,9.28,0,0,false,false,english,,normal,false,false,false,,1779366404000
6a0ef373655b2abc628256a2,false,41.55,90.38,41.55,53.64,47;0;0;0,words,10,-1,0,13.58,0,0,false,false,english,,normal,false,false,false,,1779364723000
6a0ef364655b2abc628255f4,false,45.65,98,45.65,66.42,47;0;0;0,words,10,-1,0,12.35,0,0,false,false,english,,normal,false,false,false,,1779364708000
6a0ef357655b2abc62825557,false,54.19,100,54.19,75.04,52;0;0;0,words,10,-1,0,11.51,0,0,false,false,english,,normal,false,false,false,,1779364695000
6a0ef34a655b2abc628254d3,false,47.65,90.91,47.65,75.39,50;0;0;0,words,10,-1,0,12.59,0,0,false,false,english,,normal,false,false,false,,1779364682000
6a0eea60655b2abc6281f8c4,false,54.18,100,54.18,69.28,50;0;0;0,words,10,-1,0,11.07,0,0,false,false,english,,normal,false,false,false,,1779362400000
6a0eea54655b2abc6281f84a,false,54.55,96.83,54.55,73.77,61;0;0;0,words,10,-1,0,13.42,0,0,false,false,english,,normal,false,false,false,,1779362388000
6a0eea45655b2abc6281f7cd,false,50.48,91.94,50.48,71.58,57;0;0;0,words,10,-1,0,13.55,0,0,false,false,english,,normal,false,false,false,,1779362373000
6a0eea36655b2abc6281f734,false,47.63,92,47.63,69.42,46;0;0;0,words,10,-1,0,11.59,0,0,false,false,english,,normal,false,false,false,,1779362358000
6a0eea1c655b2abc6281f629,false,50.11,98.02,50.11,67.04,99;0;0;0,custom,custom,-1,0,23.71,0,0,false,false,english,,normal,false,false,false,,1779362332000
6a0ee935655b2abc6281ed0a,false,51.05,94.29,51.05,63.39,99;0;0;0,custom,custom,-1,0,23.27,0,0,false,false,english,,normal,false,false,false,,1779362101000
6a0ee901655b2abc6281eae2,true,54.14,97.06,54.14,67.49,99;0;0;0,custom,custom,-1,0,21.94,0,0,false,false,english,,normal,false,false,false,,1779362049000
6a0ee7c2655b2abc6281de0a,false,51.05,97.06,51.05,65.88,99;0;0;0,custom,custom,-1,0,23.27,0,0,false,false,english,,normal,false,false,false,,1779361730000
6a0ee60d655b2abc6281cda5,false,38.94,92.45,38.94,55.12,49;0;0;0,words,10,-1,0,15.1,0,0,false,false,english,,normal,false,false,false,,1779361293000
6a0ee5fc655b2abc6281cd10,false,53.85,100,53.85,63.57,50;0;0;0,words,10,-1,0,11.14,0,0,false,false,english,,normal,false,false,false,,1779361276000
6a0ee5ef655b2abc6281cc8e,false,43.69,94.34,43.69,73.33,50;0;0;0,words,10,-1,0,13.73,0,0,false,false,english,,normal,false,false,false,,1779361263000
6a0ee33f655b2abc6281b277,false,49.91,97.92,49.91,63.21,47;0;0;0,words,10,-1,0,11.3,0,0,false,false,english,,normal,false,false,false,,1779360575000
6a0ee332655b2abc6281b1f3,false,49.55,95.83,49.55,61.83,46;0;0;0,words,10,-1,0,11.14,0,0,false,false,english,,normal,false,false,false,,1779360562000
6a0ee326655b2abc6281b174,false,53.73,98.08,53.73,71.22,51;0;0;0,words,10,-1,0,11.39,0,0,false,false,english,,normal,false,false,false,,1779360550000
6a0ee319655b2abc6281b10f,false,61.87,100,61.87,70.77,43;0;0;0,words,10,-1,0,8.34,0,0,false,false,english,,normal,false,false,false,,1779360537000
6a0ee30f655b2abc6281b0b1,false,47.67,92,47.67,67.61,46;0;0;0,words,10,-1,0,11.58,0,0,false,false,english,,normal,false,false,false,,1779360527000
6a0ede8b655b2abc62818700,false,55.05,96.3,55.05,64.29,52;0;0;0,words,10,-1,0,11.34,0,0,false,false,english,,normal,false,false,false,,1779359371000
6a0ede7a655b2abc6281865a,false,56.84,100,56.84,70.49,46;0;0;0,words,10,-1,0,9.71,0,0,false,false,english,,normal,false,false,false,,1779359354000
6a0ebfb1655b2abc628064e8,false,43.12,96.36,43.12,42.15,53;0;0;0,words,10,-1,0,14.75,1,0,false,false,english,,normal,false,false,false,,1779351473000
6a0ebf9e655b2abc6280643d,false,44.64,88.14,48.21,50.82,50;0;1;0,words,10,-1,0,13.44,0,0,false,false,english,,normal,false,false,false,,1779351454000
6a0eb713655b2abc62801773,false,44.57,91.94,44.57,53.65,57;0;0;0,words,10,-1,0,15.35,0,0,false,false,english,,normal,false,false,false,,1779349267000
6a0eb697655b2abc628012d7,false,59.68,100,59.68,67.33,55;0;0;0,words,10,-1,0,11.06,0,0,false,false,english,,normal,false,false,false,,1779349143000
6a0eb511655b2abc628004f3,false,31.13,81.25,34.45,41.56,47;0;0;1,words,10,-1,0,18.12,0,0,false,false,english,,normal,false,false,false,,1779348753000
6a0eb4e5655b2abc62800352,false,60.81,100,60.81,72.36,48;0;0;0,words,10,-1,0,9.47,0,0,false,false,english,,normal,false,false,false,,1779348709000
6a0eb4c4655b2abc6280021c,false,55.58,100,55.58,65.57,59;0;0;0,words,10,-1,0,12.74,1,0,false,false,english,,normal,false,false,false,,1779348676000
6a0eb1a4655b2abc627fe84e,false,39.99,92.86,39.99,57.22,52;0;0;0,words,10,-1,0,15.6,0,0,false,false,english,,normal,false,false,false,,1779347876000
6a0eb17a655b2abc627fe6ce,false,57.25,97.87,57.25,76.01,46;0;0;0,words,10,-1,0,9.64,0,0,false,false,english,,normal,false,false,false,,1779347834000
6a0eb15a655b2abc627fe5d0,false,54.74,96.67,54.74,71.6,58;0;0;0,words,10,-1,0,12.71,0,0,false,false,english,,normal,false,false,false,,1779347802000
6a0eb11a655b2abc627fe385,false,47.72,98.04,47.72,69.25,48;0;0;0,words,10,-1,0,12.07,0,0,false,false,english,,normal,false,false,false,,1779347738000
6a0eb101655b2abc627fe2c4,false,48.39,94.23,52.43,60.94,48;2;0;0,words,10,-1,0,11.9,0,0,false,false,english,,normal,false,false,false,,1779347713000
6a0eb0ea655b2abc627fe201,false,52.36,96.43,52.36,66.69,54;0;0;0,words,10,-1,0,12.38,0,0,false,false,english,,normal,false,false,false,,1779347690000
6a0eb0c3655b2abc627fe089,false,42.12,91.38,46.33,62.4,50;1;0;0,words,10,-1,0,14.24,0,0,false,false,english,,normal,false,false,false,,1779347651000
6a0eaff5655b2abc627fd92b,false,55.3,100,55.3,72.78,45;0;0;0,words,10,-1,0,9.77,0,0,false,false,english,,normal,false,false,false,,1779347445000
6a0eafea655b2abc627fd8c5,false,47.26,96.3,47.26,58.28,51;0;0;0,words,10,-1,0,12.95,0,0,false,false,english,,normal,false,false,false,,1779347434000
6a0eafc8655b2abc627fd784,false,53.42,100,53.42,74.35,59;0;0;0,words,10,-1,0,13.25,0,0,false,false,english,,normal,false,false,false,,1779347400000
6a0eafa6655b2abc627fd642,false,30.64,85.71,30.64,39.62,47;0;0;0,words,10,-1,0,18.41,0,0,false,false,english,,normal,false,false,false,,1779347366000
6a0eaf92655b2abc627fd592,false,49.57,94.34,49.57,62.19,50;0;0;0,words,10,-1,0,12.11,0,0,false,false,english,,normal,false,false,false,,1779347346000
6a0eae5d655b2abc627fc9e5,false,50.4,98.25,50.4,64.7,55;0;0;0,words,10,-1,0,13.1,0,0,false,false,english,,normal,false,false,false,,1779347037000
6a0ead88655b2abc627fc219,false,44.55,91.38,44.55,63.6,53;0;0;0,words,10,-1,0,14.28,0,0,false,false,english,,normal,false,false,false,,1779346824000
6a0d9dce32edce57f7b187a7,false,46.63,91.07,51.48,72.11,48;1;0;0,words,10,-1,0,12.35,0,0,false,false,english,,normal,false,false,false,,1779277262000
6a0d9dc032edce57f7b1870e,false,65.55,100,65.55,65.99,44;0;0;0,words,10,-1,0,8.06,0,0,false,false,english,,normal,false,false,false,,1779277248000
6a0d9db632edce57f7b186a7,false,46.12,93.22,46.12,54.14,55;0;0;0,words,10,-1,0,14.31,1,0,false,false,english,,normal,false,false,false,,1779277238000
6a0d9b5832edce57f7b16ceb,false,51.58,98.11,51.58,63.43,52;0;0;0,words,10,-1,0,12.1,0,0,false,false,english,,normal,false,false,false,,1779276632000
6a0d9b4a32edce57f7b16c60,false,54.45,94.12,54.45,68.37,48;0;0;0,words,10,-1,0,10.58,0,0,false,false,english,,normal,false,false,false,,1779276618000
6a0d9b2f32edce57f7b16b55,false,57.45,100,57.45,70.11,53;0;0;0,words,10,-1,0,11.07,0,0,false,false,english,,normal,false,false,false,,1779276591000
6a0d9b2232edce57f7b16adb,false,35.91,87.93,35.91,47.85,51;0;0;0,words,10,-1,0,17.04,0,0,false,false,english,,normal,false,false,false,,1779276578000
6a0d97e432edce57f7b149e6,false,53.33,98,53.33,63.57,49;0;0;0,words,10,-1,0,11.03,0,0,false,false,english,,normal,false,false,false,,1779275748000
6a0d97d732edce57f7b14964,false,58.96,100,58.96,67.8,57;0;0;0,words,10,-1,0,11.6,0,0,false,false,english,,normal,false,false,false,,1779275735000
6a0d97ca32edce57f7b148dd,false,56.63,98.18,56.63,71.2,54;0;0;0,words,10,-1,0,11.44,0,0,false,false,english,,normal,false,false,false,,1779275722000
6a0d97bc32edce57f7b1485a,false,53.25,95.56,53.25,57.02,43;0;0;0,words,10,-1,0,9.69,0,0,false,false,english,,normal,false,false,false,,1779275708000
6a0d97a432edce57f7b14755,false,50.87,94.37,50.87,65.78,134;0;0;0,words,25,-1,0,31.61,0,0,false,false,english,,normal,false,false,false,,1779275684000
6a0d890132edce57f7b0b852,false,52.36,97.5,52.36,73.9,117;0;0;0,words,25,-1,0,26.82,0,0,false,false,english,,normal,false,false,false,,1779271937000
6a0d881b32edce57f7b0af96,false,47.05,91.67,47.05,64.22,131;0;0;0,words,25,-1,0,33.41,0,0,false,false,english,,normal,false,false,false,,1779271707000
6a0d872632edce57f7b0a575,false,54.72,95.89,54.72,60.81,140;0;0;0,words,25,-1,0,30.7,0,0,false,false,english,,normal,false,false,false,,1779271462000
6a0d86f132edce57f7b0a34f,false,53.38,98.44,53.38,68.79,126;0;0;0,words,25,-1,0,28.33,1,0,false,false,english,,normal,false,false,false,,1779271409000
6a0d86b732edce57f7b0a0e9,false,51.86,96.48,51.86,74.31,137;0;0;0,words,25,-1,0,31.7,0,0,false,false,english,,normal,false,false,false,,1779271351000
6a0d838932edce57f7b07fd8,false,49.83,95.38,49.83,73.94,124;0;0;0,words,25,-1,0,29.86,0,0,false,false,english,,normal,false,false,false,,1779270537000
6a0d836932edce57f7b07eb0,false,46.17,94.29,46.17,67.27,132;0;0;0,words,25,-1,0,34.31,0,0,false,false,english,,normal,false,false,false,,1779270505000
6a0d4b3a32edce57f7ae6e79,false,43.71,93.33,43.71,68.55,140;0;0;0,words,25,-1,0,38.43,0,0,false,false,english,,normal,false,false,false,,1779256122000
6a0c9fe132edce57f7a908a7,false,46.07,93.33,47.98,64.59,120;1;0;0,words,25,-1,0,31.26,0,0,false,false,english,,normal,false,false,false,,1779212257000
6a0c9fa632edce57f7a90562,false,59.1,99.29,59.1,77.53,139;0;0;0,words,25,-1,0,28.22,0,0,false,false,english,,normal,false,false,false,,1779212198000
6a0c9f7a32edce57f7a902cf,false,52.2,93.57,52.2,68,130;0;0;0,words,25,-1,0,29.88,0,0,false,false,english,,normal,false,false,false,,1779212154000
6a0c9f4c32edce57f7a90036,false,55.58,98.48,55.58,73.44,129;0;0;0,words,25,-1,0,27.85,0,0,false,false,english,,normal,false,false,false,,1779212108000
6a0c9f1732edce57f7a8fd77,false,54.4,97.76,54.4,68.6,131;0;0;0,words,25,-1,0,28.9,0,0,false,false,english,,normal,false,false,false,,1779212055000
6a0c9ee532edce57f7a8facf,false,50.82,97.1,52.79,74.59,129;1;0;0,words,25,-1,0,30.46,0,0,false,false,english,,normal,false,false,false,,1779212005000
6a0c9e9e32edce57f7a8f6df,false,56.51,97.81,56.51,72.26,134;0;0;0,words,25,-1,0,28.45,0,0,false,false,english,,normal,false,false,false,,1779211934000
6a0c9e7732edce57f7a8f50d,false,50.65,95.2,50.65,66.03,119;0;0;0,words,25,-1,0,28.19,0,0,false,false,english,,normal,false,false,false,,1779211895000
6a0c9e2b32edce57f7a8f0de,false,55.49,97.2,55.49,70.01,139;0;0;0,words,25,-1,0,30.06,0,0,false,false,english,,normal,false,false,false,,1779211819000
6a0c9de832edce57f7a8ed59,false,37.25,89.81,37.25,45.6,138;0;0;0,words,25,-1,0,44.46,0,0,false,false,english,,normal,false,false,false,,1779211752000
6a0c9c2c32edce57f7a8d641,false,44.94,91.67,44.94,54.39,129;0;0;0,words,25,-1,0,34.45,0,0,false,false,english,,normal,false,false,false,,1779211308000
6a0c962a32edce57f7a8831a,false,9.53,94.41,9.53,16.67,134;0;0;0,words,25,-1,0,168.81,53,0,false,false,english,,normal,false,false,false,,1779209770000
6a0c5e7632edce57f7a57730,false,53.59,98.47,53.59,75.6,127;0;0;0,words,25,-1,0,28.44,0,0,false,false,english,,normal,false,false,false,,1779195510000
6a0c5e5332edce57f7a57585,false,53.58,99.24,53.58,73.37,131;0;0;0,words,25,-1,0,29.34,0,0,false,false,english,,normal,false,false,false,,1779195475000
6a0c5e2832edce57f7a57335,false,43.99,92.91,43.99,66.62,117;0;0;0,words,25,-1,0,31.92,0,0,false,false,english,,normal,false,false,false,,1779195432000
6a0c5de732edce57f7a56fe5,false,51.83,99.24,51.83,74.72,131;0;0;0,words,25,-1,0,30.33,0,0,false,false,english,,normal,false,false,false,,1779195367000
6a0c5dbe32edce57f7a56dc3,false,44.87,95.45,44.87,67.7,126;0;0;0,words,25,-1,1,33.7,0,5.7,false,false,english,,normal,false,false,false,,1779195326000
6a0c5bb032edce57f7a5548e,false,53.23,97.64,53.23,77.32,124;0;0;0,words,25,-1,0,27.96,0,0,false,false,english,,normal,false,false,false,,1779194800000
6a0c5b7f32edce57f7a55259,false,51.2,97.18,51.2,70.01,138;0;0;0,words,25,-1,0,32.34,0,0,false,false,english,,normal,false,false,false,,1779194751000
6a0c5b4732edce57f7a54fa7,false,56.05,100,56.05,65.59,131;0;0;0,words,25,-1,0,28.05,0,0,false,false,english,,normal,false,false,false,,1779194695000
6a0c5b1b32edce57f7a54d94,false,54.48,97.93,54.48,71.34,142;0;0;0,words,25,-1,0,31.28,0,0,false,false,english,,normal,false,false,false,,1779194651000
6a0c5aec32edce57f7a54b57,false,57.57,100,57.57,80.23,133;0;0;0,words,25,-1,0,27.72,0,0,false,false,english,,normal,false,false,false,,1779194604000
6a0c5a1032edce57f7a5405f,false,48.5,96,48.5,62.66,120;0;0;0,words,25,-1,0,29.69,0,0,false,false,english,,normal,false,false,false,,1779194384000
6a0c59f032edce57f7a53ee5,false,47.47,94.62,47.47,61.62,123;0;0;0,words,25,-1,0,31.1,0,0,false,false,english,,normal,false,false,false,,1779194352000
6a0c59bf32edce57f7a53c8f,false,58.34,97.18,58.34,71.96,138;0;0;0,words,25,-1,0,28.38,0,0,false,false,english,,normal,false,false,false,,1779194303000
6a0c598e32edce57f7a53a08,false,49.88,93.83,52.96,65.86,146;5;1;0,words,25,-1,0,35.12,0,0,false,false,english,,normal,false,false,false,,1779194254000
6a0c595c32edce57f7a537ac,false,58.63,98.32,61.2,75.66,114;1;0;0,words,25,-1,0,23.33,0,0,false,false,english,,normal,false,false,false,,1779194204000
6a0c592f32edce57f7a535a9,false,49,97.74,49,64.77,130;0;0;0,words,25,-1,0,31.84,1,0,false,false,english,,normal,false,false,false,,1779194159000
6a0c590932edce57f7a533fa,false,47.51,94.12,47.51,61.02,126;0;0;0,words,25,-1,0,31.83,0,0,false,false,english,,normal,false,false,false,,1779194121000
6a0c4be032edce57f7a499ce,false,44.57,95.07,44.57,54.12,134;0;0;0,words,25,-1,0,36.08,0,0,false,false,english,,normal,false,false,false,,1779190752000
6a0c49c032edce57f7a481f1,false,54.24,99.24,54.24,69.29,130;0;0;0,words,25,-1,0,28.76,0,0,false,false,english,,normal,false,false,false,,1779190208000
6a0c499d32edce57f7a48080,false,47.22,98.56,47.22,59.06,136;0;0;0,words,25,-1,0,34.56,0,0,false,false,english,,normal,false,false,false,,1779190173000
6a0c437c32edce57f7a43e22,false,50.6,97.73,50.6,59.16,129;0;0;0,words,25,-1,0,30.59,2,0,false,false,english,,normal,false,false,false,,1779188604000
6a0c430c32edce57f7a43983,false,47.42,91.33,47.42,62.26,137;0;0;0,words,25,-1,0,34.67,0,0,false,false,english,,normal,false,false,false,,1779188492000
6a0c42e232edce57f7a437c4,false,46.86,92.37,46.86,65.79,120;0;0;0,words,25,-1,0,30.73,0,0,false,false,english,,normal,false,false,false,,1779188450000
6a0c42be32edce57f7a43644,false,57.5,98.47,57.5,83.37,129;0;0;0,words,25,-1,0,26.92,0,0,false,false,english,,normal,false,false,false,,1779188414000
6a0c42a032edce57f7a4352a,false,48.56,95.83,48.56,64.68,134;0;0;0,words,25,-1,0,33.11,0,0,false,false,english,,normal,false,false,false,,1779188384000
6a0c427e32edce57f7a433c0,false,52.37,93.29,53.52,68.88,137;1;0;0,words,25,-1,0,31.39,0,0,false,false,english,,normal,false,false,false,,1779188350000
6a0c423d32edce57f7a43121,false,52.79,96.75,52.79,69.37,117;0;0;0,words,25,-1,0,26.6,0,0,false,false,english,,normal,false,false,false,,1779188285000
6a0c413232edce57f7a42671,false,53.12,94.56,53.12,72.33,139;0;0;0,words,25,-1,0,31.4,0,0,false,false,english,,normal,false,false,false,,1779188018000
6a0c40c332edce57f7a42209,false,47.55,92.48,51.58,60.32,118;2;1;0,words,25,-1,0,29.78,0,0,false,false,english,,normal,false,false,false,,1779187907000
6a0c40a432edce57f7a420fb,false,47.11,95,47.11,65.47,132;0;0;0,words,25,-1,0,33.63,0,0,false,false,english,,normal,false,false,false,,1779187876000
6a0c408032edce57f7a41fb0,false,45.72,96.64,45.72,50.94,138;0;0;0,words,25,-1,0,36.22,1,0,false,false,english,,normal,false,false,false,,1779187840000
6a0c403032edce57f7a41cae,false,52.09,100,52.09,65.08,133;0;0;0,words,25,-1,0,30.64,1,0,false,false,english,,normal,false,false,false,,1779187760000
6a0c400832edce57f7a41b2c,false,54.8,99.19,54.8,71.34,123;0;0;0,words,25,-1,0,26.93,0,0,false,false,english,,normal,false,false,false,,1779187720000
6a0c3fec32edce57f7a41a1a,false,52.43,98.54,52.43,67.49,135;0;0;0,words,25,-1,0,30.9,0,0,false,false,english,,normal,false,false,false,,1779187692000
6a0c3fcb32edce57f7a418c4,false,53.27,98.51,53.27,75.7,132;0;0;0,words,25,-1,0,29.74,0,0,false,false,english,,normal,false,false,false,,1779187659000
6a0c0af432edce57f7a20d18,false,45.36,94.33,45.36,64.22,133;0;0;0,words,25,-1,0,35.19,0,0,false,false,english,,normal,false,false,false,,1779174132000
6a0bfd6432edce57f7a18c6d,false,38.9,85.43,40.45,48.21,126;1;0;0,words,25,-1,0,38.87,0,0,false,false,english,,normal,false,false,false,,1779170660000
6a0b0c6c32edce57f7986f4e,false,56.02,95.68,56.02,71.33,133;0;0;0,words,25,-1,0,28.49,0,0,false,false,english,,normal,false,false,false,,1779108972000
6a0b0c4b32edce57f7986db7,false,55.62,97.78,55.62,73.38,132;0;0;0,words,25,-1,0,28.48,0,0,false,false,english,,normal,false,false,false,,1779108939000
6a0b0c0932edce57f7986a9a,false,46.94,93.06,46.94,64.1,133;0;0;0,words,25,-1,0,34,0,0,false,false,english,,normal,false,false,false,,1779108873000
6a0b0bda32edce57f7986864,false,49.37,96.15,49.37,71.32,124;0;0;0,words,25,-1,0,30.14,0,0,false,false,english,,normal,false,false,false,,1779108826000
6a0b0bba32edce57f79866d5,false,47.44,93.23,47.44,62.88,123;0;0;0,words,25,-1,0,31.11,0,0,false,false,english,,normal,false,false,false,,1779108794000
6a0b0b7632edce57f7986382,false,48.37,91.18,50.39,62.65,120;0;0;1,words,25,-1,0,29.77,0,0,false,false,english,,normal,false,false,false,,1779108726000
6a0b0b5632edce57f7986218,false,49.56,92.09,49.56,69.28,126;0;0;0,words,25,-1,0,30.51,0,0,false,false,english,,normal,false,false,false,,1779108694000
6a0af81c32edce57f7978041,false,51.19,96.48,51.19,71.12,137;0;0;0,words,25,-1,0,32.12,0,0,false,false,english,,normal,false,false,false,,1779103772000
6a0adf3732edce57f7967ebf,false,45.54,98.52,45.54,55,133;0;0;0,words,25,-1,0,35.04,3,0,false,false,english,,normal,false,false,false,,1779097399000
6a0aabdb32edce57f7948706,false,43.96,96.12,43.96,62.32,124;0;0;0,words,25,-1,0,33.85,0,0,false,false,english,,normal,false,false,false,,1779084251000
6a0a8a4232edce57f7937649,false,46.3,96,46.3,62.32,119;0;0;0,words,25,-1,0,30.85,0,0,false,false,english,,normal,false,false,false,,1779075650000
6a0a8a1032edce57f79374d5,false,47.76,96.15,47.76,71.18,125;0;0;0,words,25,-1,0,31.41,0,0,false,false,english,,normal,false,false,false,,1779075600000
6a0a89a732edce57f79371de,false,43.67,93.98,43.67,70.68,123;0;0;0,words,25,-1,0,33.8,0,0,false,false,english,,normal,false,false,false,,1779075495000
6a0a896632edce57f7937026,false,42.4,92.52,42.4,62.89,133;0;0;0,words,25,-1,0,37.64,0,0,false,false,english,,normal,false,false,false,,1779075430000
6a0a891d32edce57f7936deb,false,51.21,98.47,51.21,74,129;0;0;0,words,25,-1,0,30.23,0,0,false,false,english,,normal,false,false,false,,1779075357000
6a0a88dc32edce57f7936c45,false,51.2,97.73,51.2,75.28,128;0;0;0,words,25,-1,0,30,0,0,false,false,english,,normal,false,false,false,,1779075292000
6a0a88af32edce57f7936b40,false,51.5,99.18,51.5,76.33,121;0;0;0,words,25,-1,0,28.19,0,0,false,false,english,,normal,false,false,false,,1779075247000
6a0a888232edce57f7936a12,false,48.24,95.95,48.24,69.87,139;0;0;0,words,25,-1,0,34.58,0,0,false,false,english,,normal,false,false,false,,1779075202000
6a0a884c32edce57f79368b6,false,48.7,95.74,48.7,70.53,133;0;0;0,words,25,-1,0,32.77,0,0,false,false,english,,normal,false,false,false,,1779075148000
6a0a881e32edce57f7936780,false,43.22,92.86,43.22,72.3,117;0;0;0,words,25,-1,0,32.48,0,0,false,false,english,,normal,false,false,false,,1779075102000
6a0a87d032edce57f7936552,false,51.49,96.21,51.49,72.44,127;0;0;0,words,25,-1,0,29.6,0,0,false,false,english,,normal,false,false,false,,1779075024000
6a0a87a732edce57f7936445,false,49.19,96.45,49.19,73.08,134;0;0;0,words,25,-1,0,32.69,0,0,false,false,english,,normal,false,false,false,,1779074983000
6a0a875d32edce57f793623e,false,49.65,95,49.65,71.43,132;0;0;0,words,25,-1,0,31.91,0,0,false,false,english,,normal,false,false,false,,1779074909000
6a0a871532edce57f7936022,false,53.17,98.51,53.17,73.05,130;0;0;0,words,25,-1,0,29.34,0,0,false,false,english,,normal,false,false,false,,1779074837000
6a0a86d532edce57f7935e74,false,54.29,99.2,54.29,72.25,124;0;0;0,words,25,-1,0,27.41,0,0,false,false,english,,normal,false,false,false,,1779074773000
6a0a869f32edce57f7935cd7,false,52.38,97.04,52.38,73.56,131;0;0;0,words,25,-1,0,30.01,0,0,false,false,english,,normal,false,false,false,,1779074719000
6a0a865332edce57f7935a58,false,45.08,93.28,48.11,66.27,119;1;0;0,words,25,-1,0,31.68,0,0,false,false,english,,normal,false,false,false,,1779074643000
6a0a861632edce57f793584a,false,53.07,100,53.07,77.98,126;0;0;0,words,25,-1,0,28.49,0,0,false,false,english,,normal,false,false,false,,1779074582000
6a09c6b332edce57f78dc450,false,40.89,92.13,40.89,66.36,116;0;0;0,words,25,-1,0,34.04,0,0,false,false,english,,normal,false,false,false,,1779025587000
6a09c67332edce57f78dc1bc,false,55.74,99.24,55.74,70.25,131;0;0;0,words,25,-1,0,28.2,0,0,false,false,english,,normal,false,false,false,,1779025523000
6a09c61332edce57f78dbda8,false,53.44,97.76,53.44,75.66,131;0;0;0,words,25,-1,0,29.42,0,0,false,false,english,,normal,false,false,false,,1779025427000
6a09c5b732edce57f78db9fa,false,46.07,95.65,47.13,59.38,131;1;0;1,words,25,-1,0,34.12,0,0,false,false,english,,normal,false,false,false,,1779025335000
6a09c58d32edce57f78db82e,false,46.03,95.24,46.03,63.71,139;0;0;0,words,25,-1,0,36.24,0,0,false,false,english,,normal,false,false,false,,1779025293000
6a09c54832edce57f78db592,false,46.48,94.44,46.48,59.78,119;0;0;0,words,25,-1,0,30.72,0,0,false,false,english,,normal,false,false,false,,1779025224000
6a09c50332edce57f78db300,false,50.85,95.14,52.77,65.31,133;0;0;1,words,25,-1,0,31.38,0,0,false,false,english,,normal,false,false,false,,1779025155000
6a09bc8332edce57f78d646a,false,50.09,96.38,50.09,65.66,133;0;0;0,words,25,-1,0,31.86,0,0,false,false,english,,normal,false,false,false,,1779022979000
6a09bb4c32edce57f78d5917,false,43.98,89.61,43.98,57.69,136;0;0;0,words,25,-1,0,37.11,0,0,false,false,english,,normal,false,false,false,,1779022668000
6a09bb2532edce57f78d57dc,false,51.44,96.18,51.44,67.36,126;0;0;0,words,25,-1,0,29.39,0,0,false,false,english,,normal,false,false,false,,1779022629000
6a09bae932edce57f78d55c6,false,51.12,95.52,51.12,70.89,126;0;0;0,words,25,-1,0,29.58,0,0,false,false,english,,normal,false,false,false,,1779022569000
6a0897d532edce57f785b0fb,false,59.31,96.75,61.34,77.84,117;1;0;0,words,25,-1,0,23.67,0,0,false,false,english,,normal,false,false,false,,1778948053000
6a08978432edce57f785ae45,false,62.96,100,62.96,76.64,122;0;0;0,words,25,-1,0,23.25,0,0,false,false,english,,normal,false,false,false,,1778947972000
6a08975932edce57f785accd,true,65.87,100,65.87,85.26,131;0;0;0,words,25,-1,0,23.87,0,0,false,false,english,,normal,false,false,false,,1778947929000
6a08973c32edce57f785abb8,false,50.11,94.7,50.11,61.06,125;0;0;0,words,25,-1,0,29.94,0,0,false,false,english,,normal,false,false,false,,1778947900000
6a0896ad32edce57f785a69b,false,48.73,94.96,48.73,62.25,131;0;0;0,words,25,-1,0,32.26,0,0,false,false,english,,normal,false,false,false,,1778947757000
6a086b9d32edce57f7841b68,false,42.64,86.86,42.64,62.67,119;0;0;0,words,25,-1,0,33.49,0,0,false,false,english,,normal,false,false,false,,1778936733000
6a086b7732edce57f7841a4a,false,60.03,97.73,60.03,73.28,129;0;0;0,words,25,-1,0,25.79,0,0,false,false,english,,normal,false,false,false,,1778936695000
6a086b5c32edce57f7841956,false,52.19,94.12,52.19,71.11,128;0;0;0,words,25,-1,0,29.43,0,0,false,false,english,,normal,false,false,false,,1778936668000
6a08685a32edce57f783ff79,false,47.84,89.73,47.84,64.8,129;0;0;0,words,25,-1,0,32.36,0,0,false,false,english,,normal,false,false,false,,1778935898000
6a08683832edce57f783fe41,false,56.37,98.45,56.37,69.12,127;0;0;0,words,25,-1,0,27.04,0,0,false,false,english,,normal,false,false,false,,1778935864000
6a08681c32edce57f783fd21,false,45.48,86.62,45.48,66.72,135;0;0;0,words,25,-1,0,35.62,0,0,false,false,english,,normal,false,false,false,,1778935836000
6a0867d032edce57f783fa7d,false,54.13,94.44,54.13,72.65,119;0;0;0,words,25,-1,0,26.38,0,0,false,false,english,,normal,false,false,false,,1778935760000
6a0867b432edce57f783f971,false,55.23,92.31,55.23,66.07,120;0;0;0,words,25,-1,0,26.07,0,0,false,false,english,,normal,false,false,false,,1778935732000
6a08676e32edce57f783f70e,false,57.52,99.21,57.52,76.99,126;0;0;0,words,25,-1,0,26.28,0,0,false,false,english,,normal,false,false,false,,1778935662000
6a08659f32edce57f783e803,false,52.63,96.32,52.63,67.07,131;0;0;0,words,25,-1,0,29.87,0,0,false,false,english,,normal,false,false,false,,1778935199000
6a08554132edce57f7835e57,false,49.13,96.5,49.13,61.03,138;0;0;0,words,25,-1,0,33.71,0,0,false,false,english,,normal,false,false,false,,1778931009000
6a08551932edce57f7835d08,false,54.02,99.27,54.02,69.71,136;0;0;0,words,25,-1,0,30.21,0,0,false,false,english,,normal,false,false,false,,1778930969000
6a0854b632edce57f78359f7,false,52.19,100,52.19,71.37,108;0;0;0,words,25,-1,0,24.83,0,0,false,false,english,,normal,false,false,false,,1778930870000
6a08549c32edce57f7835923,false,43.08,87.88,43.08,58.42,144;0;0;0,words,25,-1,0,40.11,0,0,false,false,english,,normal,false,false,false,,1778930844000
6a08541a32edce57f783550c,false,57.77,98.54,59.07,73.48,134;1;0;0,words,25,-1,0,27.83,0,0,false,false,english,,normal,false,false,false,,1778930714000
6a0853ff32edce57f783542f,false,47.02,92.81,47.02,64.37,128;0;0;0,words,25,-1,0,32.67,0,0,false,false,english,,normal,false,false,false,,1778930687000
6a0853cd32edce57f783528e,false,35.31,97.81,35.31,23.44,134;0;0;0,words,25,-1,0,45.54,15,0,false,false,english,,normal,false,false,false,,1778930637000
6a08539132edce57f7835094,false,50.87,96.8,53.05,74.67,117;0;1;0,words,25,-1,0,27.6,0,0,false,false,english,,normal,false,false,false,,1778930577000
6a08537432edce57f7834f88,false,49.98,95.93,49.98,71.19,118;0;0;0,words,25,-1,0,28.33,0,0,false,false,english,,normal,false,false,false,,1778930548000
6a08534e32edce57f7834e30,false,52.17,100,52.17,68.5,127;0;0;0,words,25,-1,0,29.21,1,0,false,false,english,,normal,false,false,false,,1778930510000
6a084e2632edce57f7832278,false,52.37,96.43,52.37,71.12,134;0;0;0,words,25,-1,0,30.7,0,0,false,false,english,,normal,false,false,false,,1778929190000
6a084e0732edce57f7832171,false,53.59,97.83,53.59,65.5,132;0;0;0,words,25,-1,0,29.56,0,0,false,false,english,,normal,false,false,false,,1778929159000
6a084c1932edce57f783118a,false,51.95,94.37,51.95,67.4,133;0;0;0,words,25,-1,0,30.72,0,0,false,false,english,,normal,false,false,false,,1778928665000
6a084bf832edce57f783109d,false,54.04,97.79,54.04,71.11,132;0;0;0,words,25,-1,0,29.31,0,0,false,false,english,,normal,false,false,false,,1778928632000
6a084b7e32edce57f7830cf0,false,57.65,98.5,57.65,76.38,131;0;0;0,words,25,-1,0,27.27,0,0,false,false,english,,normal,false,false,false,,1778928510000
6a084b6332edce57f7830bf8,false,55.02,99.24,55.02,74.6,131;0;0;0,words,25,-1,0,28.57,0,0,false,false,english,,normal,false,false,false,,1778928483000
6a0848d132edce57f782f5cc,false,51.18,97.62,51.18,74.31,123;0;0;0,words,25,-1,0,28.84,0,0,false,false,english,,normal,false,false,false,,1778927825000
6a08484f32edce57f782f1ae,false,49.36,93.33,49.36,76.38,139;0;0;0,words,25,-1,0,33.79,0,0,false,false,english,,normal,false,false,false,,1778927695000
6a08482632edce57f782f06a,false,54.85,98.37,54.85,71.14,121;0;0;0,words,25,-1,0,26.47,0,0,false,false,english,,normal,false,false,false,,1778927654000
6a08480a32edce57f782ef80,false,44.68,89.54,44.68,49.98,137;0;0;0,words,25,-1,0,36.8,0,0,false,false,english,,normal,false,false,false,,1778927626000
6a08153b32edce57f78170e6,false,45.64,90.26,45.64,53.82,137;0;0;0,words,25,-1,0,36.02,0,0,false,false,english,,normal,false,false,false,,1778914619000
6a075c1f32edce57f77c6509,false,56.29,99.25,56.29,73.7,132;0;0;0,words,25,-1,0,28.14,0,0,false,false,english,,normal,false,false,false,,1778867231000
6a075c0132edce57f77c637a,false,45.86,93.33,45.86,60.75,126;0;0;0,words,25,-1,0,32.97,0,0,false,false,english,,normal,false,false,false,,1778867201000
6a075bca32edce57f77c60b5,false,47.5,93.28,50.27,64.56,120;1;0;0,words,25,-1,0,30.32,0,0,false,false,english,,normal,false,false,false,,1778867146000
6a075b1632edce57f77c56e5,false,43.8,92.56,52.65,60.88,99;3;0;1,words,25,-1,1,27.12,0,0.23,false,false,english,,normal,false,false,false,,1778866966000
6a075af132edce57f77c54f6,false,51.97,90.6,55.57,66.83,130;2;0;1,words,25,-1,0,30.02,0,0,false,false,english,,normal,false,false,false,,1778866929000
6a075ac632edce57f77c52bd,false,54.33,92.91,60.2,76.35,111;3;0;0,words,25,-1,0,24.52,0,0,false,false,english,,normal,false,false,false,,1778866886000
6a071bd632edce57f778ebf5,false,41.25,93.15,41.25,62.53,136;0;0;0,words,25,-1,0,39.57,0,0,false,false,english,,normal,false,false,false,,1778850774000
6a07073232edce57f7780146,false,52.64,96.03,52.64,67.01,143;0;0;0,words,25,-1,0,32.6,0,0,false,false,english,,normal,false,false,false,,1778845490000
6a06eea432edce57f7771a6a,false,54.78,98.53,54.78,72.85,134;0;0;0,words,25,-1,0,29.36,0,0,false,false,english,,normal,false,false,false,,1778839204000
6a06ee7532edce57f77718b3,false,51.1,95.04,51.1,72.29,134;0;0;0,words,25,-1,0,31.47,0,0,false,false,english,,normal,false,false,false,,1778839157000
6a06c1fd32edce57f7758a75,false,52.53,94.57,56.64,64.74,115;2;0;0,words,25,-1,0,26.27,0,0,false,false,english,,normal,false,false,false,,1778827773000
6a06c1d332edce57f7758902,false,54.08,96.27,54.08,69.44,152;0;0;0,words,25,-1,0,33.73,0,0,false,false,english,,normal,false,false,false,,1778827731000
6a06c1a332edce57f7758783,false,56.37,98.44,56.37,76.97,126;0;0;0,words,25,-1,0,26.82,0,0,false,false,english,,normal,false,false,false,,1778827683000
6a06c18732edce57f7758683,false,48.55,92.81,50.86,63.79,126;2;0;0,words,25,-1,0,31.14,0,0,false,false,english,,normal,false,false,false,,1778827655000
6a05c5a132edce57f76bb83b,false,50.48,94.89,50.48,69.71,130;0;0;0,words,25,-1,0,30.9,0,0,false,false,english,,normal,false,false,false,,1778763169000
6a05b21f32edce57f76ae158,false,47.36,93.43,47.36,58.47,128;0;0;0,words,25,-1,0,32.44,0,0,false,false,english,,normal,false,false,false,,1778758175000
6a05b1f832edce57f76adff5,false,43.44,95.49,43.44,58.77,127;0;0;0,words,25,-1,0,35.08,0,0,false,false,english,,normal,false,false,false,,1778758136000
6a04c79f32edce57f763571c,false,51.91,96.43,51.91,66.81,135;0;0;0,words,25,-1,0,31.21,0,0,false,false,english,,normal,false,false,false,,1778698143000
6a04c52732edce57f7633755,false,51.7,95.59,51.7,73.56,129;0;0;0,words,25,-1,0,29.94,0,0,false,false,english,,normal,false,false,false,,1778697511000
6a04c4e932edce57f7633465,false,62.64,100,62.64,82.49,114;0;0;0,words,25,-1,0,21.84,0,0,false,false,english,,normal,false,false,false,,1778697449000
6a04c4ba32edce57f7633225,false,57.6,97.81,57.6,78.91,134;0;0;0,words,25,-1,0,27.92,0,0,false,false,english,,normal,false,false,false,,1778697402000
6a04c46732edce57f7632dfb,false,52.61,98.51,52.61,72.83,132;0;0;0,words,25,-1,0,30.11,0,0,false,false,english,,normal,false,false,false,,1778697319000
6a04c40b32edce57f763293c,false,50.15,96.83,50.15,68.42,122;0;0;0,words,25,-1,0,29.19,0,0,false,false,english,,normal,false,false,false,,1778697227000
6a04c3e032edce57f763273a,false,55.11,98.47,55.11,71.75,129;0;0;0,words,25,-1,0,28.09,0,0,false,false,english,,normal,false,false,false,,1778697184000
6a04c3a632edce57f763247b,false,59.48,97.71,59.48,76.2,128;0;0;0,words,25,-1,0,25.82,0,0,false,false,english,,normal,false,false,false,,1778697126000
6a04c37832edce57f763225a,false,56.51,97.64,56.51,66.86,124;0;0;0,words,25,-1,0,26.33,0,0,false,false,english,,normal,false,false,false,,1778697080000
6a04c34832edce57f7632020,false,51.2,96.95,51.2,63.9,126;0;0;0,words,25,-1,0,29.53,0,0,false,false,english,,normal,false,false,false,,1778697032000
6a04c31d32edce57f7631dfe,true,63.71,100,63.71,77.68,128;0;0;0,words,25,-1,0,24.11,0,0,false,false,english,,normal,false,false,false,,1778696989000
6a04c2fa32edce57f7631c27,false,56.5,100,56.5,78.03,145;0;0;0,words,25,-1,0,30.79,0,0,false,false,english,,normal,false,false,false,,1778696954000
6a04c12032edce57f76302da,false,47.97,93.29,47.97,59.41,138;0;0;0,words,25,-1,0,34.52,0,0,false,false,english,,normal,false,false,false,,1778696480000
6a04724432edce57f75e922e,false,46.84,97.56,46.84,64.68,120;0;0;0,words,25,-1,0,30.74,0,0,false,false,english,,normal,false,false,false,,1778676292000
6a04713932edce57f75e8545,false,50.37,93.01,50.37,76.02,133;0;0;0,words,25,-1,0,31.68,0,0,false,false,english,,normal,false,false,false,,1778676025000
6a04710d32edce57f75e8324,false,51.14,94.85,51.14,66.91,129;0;0;0,words,25,-1,0,30.27,0,0,false,false,english,,normal,false,false,false,,1778675981000
6a04709e32edce57f75e7e1d,false,55.27,97.01,55.27,71.92,130;0;0;0,words,25,-1,0,28.22,0,0,false,false,english,,normal,false,false,false,,1778675870000
6a04707d32edce57f75e7c9c,false,45.33,94.96,45.33,58.34,113;0;0;0,words,25,-1,0,29.92,0,0,false,false,english,,normal,false,false,false,,1778675837000
6a044cbb32edce57f75cf938,false,44.32,96.27,44.32,67.16,128;0;0;0,words,25,-1,0,34.66,0,0,false,false,english,,normal,false,false,false,,1778666683000
6a044c8d32edce57f75cf778,false,29.97,90.65,29.97,18.39,125;0;0;0,words,25,-1,0,50.05,15,0,false,false,english,,normal,false,false,false,,1778666637000
6a030bef32edce57f750163c,false,49.78,97.64,49.78,68.92,124;0;0;0,words,25,-1,0,29.89,0,0,false,false,english,,normal,false,false,false,,1778584559000
6a02cbe632edce57f74d96a7,false,48.75,97.08,48.75,70.33,133;0;0;0,words,25,-1,0,32.74,0,0,false,false,english,,normal,false,false,false,,1778568166000
6a02166c32edce57f7477b21,false,47.7,96.32,47.7,67.3,130;0;0;0,words,25,-1,0,32.7,0,0,false,false,english,,normal,false,false,false,,1778521708000
6a0177e277aa7500339781bf,false,46.65,93.24,46.65,62.94,138;0;0;0,words,25,-1,0,35.5,0,0,false,false,english,,normal,false,false,false,,1778481122000
6a00bb8477aa750033923c75,false,44.83,95,44.83,63.09,133;0;0;0,words,25,-1,0,35.6,0,0,false,false,english,,normal,false,false,false,,1778432900000
6a00bb4577aa7500339239ea,false,46.3,97.09,46.3,61.69,264;0;0;0,words,50,-1,0,68.42,1,0,false,false,english,,normal,false,false,false,,1778432837000
6a00b9f377aa750033922e27,false,49.71,98.81,49.71,68.57,249;0;0;0,words,50,-1,0,60.11,0,0,false,false,english,,normal,false,false,false,,1778432499000
6a00b92477aa7500339226d9,false,50.07,95.76,50.07,69.61,267;0;0;0,words,50,-1,0,63.99,0,0,false,false,english,,normal,false,false,false,,1778432292000
6a00b89377aa7500339221a7,false,47.55,93.82,47.55,63.45,258;0;0;0,words,50,-1,0,65.1,0,0,false,false,english,,normal,false,false,false,,1778432147000
6a004c3f77aa7500338e4ce3,false,48.3,95.91,48.3,72.73,257;0;0;0,words,50,-1,0,63.85,0,0,false,false,english,,normal,false,false,false,,1778404415000
6a004bb277aa7500338e482c,false,47.67,96.75,47.67,74.63,268;0;0;0,words,50,-1,0,67.47,0,0,false,false,english,,normal,false,false,false,,1778404274000
6a004b4777aa7500338e448a,false,46.29,94.95,46.29,69.94,262;0;0;0,words,50,-1,0,67.92,0,0,false,false,english,,normal,false,false,false,,1778404167000
6a004af977aa7500338e420b,false,42.6,94.62,42.6,57.52,123;0;0;0,words,25,-1,0,34.65,1,0,false,false,english,,normal,false,false,false,,1778404089000
69ff66e177aa750033887ed3,false,45.86,92.06,45.86,68.18,116;0;0;0,words,25,-1,0,30.36,0,0,false,false,english,,normal,false,false,false,,1778345697000
69ff64c777aa750033886b76,false,42.92,91.67,45.93,60.65,114;0;1;0,words,25,-1,0,31.87,0,0,false,false,english,,normal,false,false,false,,1778345159000
69fe02cc77aa7500337ce421,false,7.06,95.49,7.06,2.41,127;0;0;0,words,25,-1,0,215.72,110,0,false,false,english,,normal,false,false,false,,1778254540000
69fe01e077aa7500337cd739,false,8.02,97.78,8.02,7.62,132;0;0;0,words,25,-1,0,197.47,86,0,false,false,english,,normal,false,false,false,,1778254304000
69fe011277aa7500337ccb54,false,9.54,93.53,9.54,23.85,129;0;0;0,words,25,-1,0,162.27,41,0,false,false,english,,normal,false,false,false,,1778254098000
69fe005c77aa7500337cc0fd,false,10.25,90.85,10.25,24.02,128;0;0;0,words,25,-1,0,149.92,32,0,false,false,english,,normal,false,false,false,,1778253916000
69fd726e77aa75003376c731,false,50.25,96.77,50.25,66.99,119;0;0;0,words,25,-1,0,28.42,0,0,false,false,english,,normal,false,false,false,,1778217582000
69fd718b77aa75003376c076,false,44.14,94.93,44.14,60.83,128;0;0;0,words,25,-1,0,34.8,0,0,false,false,english,,normal,false,false,false,,1778217355000
69fd70aa77aa75003376b996,false,44.65,94.33,46.38,69.39,129;1;0;0,words,25,-1,0,34.67,0,0,false,false,english,,normal,false,false,false,,1778217130000
69fd6fd777aa75003376b2c1,false,46.89,95.1,46.89,64.24,135;0;0;0,words,25,-1,0,34.55,0,0,false,false,english,,normal,false,false,false,,1778216919000
69fd6ed477aa75003376aa92,false,54.02,95.52,54.02,71.92,128;0;0;0,words,25,-1,0,28.43,0,0,false,false,english,,normal,false,false,false,,1778216660000
69fd6e9477aa75003376a891,false,49.78,98.6,49.78,68.47,141;0;0;0,words,25,-1,0,33.99,0,0,false,false,english,,normal,false,false,false,,1778216596000
69fd6dd677aa75003376a316,false,48.06,98.41,48.06,72.3,123;0;0;0,words,25,-1,0,30.71,0,0,false,false,english,,normal,false,false,false,,1778216406000
69fc09c577aa7500336890d8,false,51.91,100,51.91,73.82,129;0;0;0,words,25,-1,0,29.82,0,0,false,false,english,,normal,false,false,false,,1778125253000
69fc099e77aa750033688fb2,false,46.55,93.79,46.55,63.24,136;0;0;0,words,25,-1,0,35.06,0,0,false,false,english,,normal,false,false,false,,1778125214000
69fc090a77aa750033688b59,false,51.65,95.1,51.65,64.34,136;0;0;0,words,25,-1,0,31.6,0,0,false,false,english,,normal,false,false,false,,1778125066000
69fc08c677aa750033688961,false,40.9,91.84,40.9,60.41,133;0;0;0,words,25,-1,0,39.02,0,0,false,false,english,,normal,false,false,false,,1778124998000
69fb3e7377aa75003360203f,false,45.63,94.12,45.63,70.3,127;0;0;0,words,25,-1,0,33.4,0,0,false,false,english,,normal,false,false,false,,1778073203000
69fb3aab77aa7500335fecc7,false,19.71,97.12,19.71,40.91,135;0;0;0,words,25,-1,0,82.19,12,0,false,false,english,,normal,false,false,false,,1778072235000
69fb2a9677aa7500335f299b,false,48.58,97.06,48.58,63.11,132;0;0;0,words,25,-1,0,32.61,0,0,false,false,english,,normal,false,false,false,,1778068118000
69fb2a6377aa7500335f2756,false,41.58,95.77,41.58,62.87,134;0;0;0,words,25,-1,0,38.67,0,0,false,false,english,,normal,false,false,false,,1778068067000
69fb2a3877aa7500335f2571,false,52.22,95.86,52.22,65.99,139;0;0;0,words,25,-1,0,31.94,0,0,false,false,english,,normal,false,false,false,,1778068024000
69fb29e377aa7500335f2254,false,46.13,96.21,46.13,70.33,126;0;0;0,words,25,-1,0,32.78,0,0,false,false,english,,normal,false,false,false,,1778067939000
69fb29be77aa7500335f20d1,false,49.49,98.52,49.49,66.31,133;0;0;0,words,25,-1,0,32.25,0,0,false,false,english,,normal,false,false,false,,1778067902000
69fb299b77aa7500335f1f5e,false,42.29,97.74,42.29,58.88,130;0;0;0,words,25,-1,0,36.89,1,0,false,false,english,,normal,false,false,false,,1778067867000
69fb291877aa7500335f19f7,false,33.58,93.28,33.58,38.26,123;0;0;0,words,25,-1,0,43.95,5,0,false,false,english,,normal,false,false,false,,1778067736000
69fae3a077aa7500335c6b51,false,49.69,96.99,49.69,67,128;0;0;0,words,25,-1,0,30.91,0,0,false,false,english,,normal,false,false,false,,1778049952000
69fada5a77aa7500335c14fd,false,47.64,95.1,47.64,58.92,136;0;0;0,words,25,-1,1,34.26,0,8.73,false,false,english,,normal,false,false,false,,1778047578000
69fad9fc77aa7500335c1190,false,44.65,96.27,44.65,57.07,129;0;0;0,words,25,-1,0,34.67,1,0,false,false,english,,normal,false,false,false,,1778047484000
69fad9d377aa7500335c1018,false,50.05,97.1,50.05,67.52,134;0;0;0,words,25,-1,0,32.13,0,0,false,false,english,,normal,false,false,false,,1778047443000
69fad99977aa7500335c0de9,false,50.92,93.84,50.92,66.15,137;0;0;0,words,25,-1,0,32.29,0,0,false,false,english,,normal,false,false,false,,1778047385000
69fab2b677aa7500335ac67f,false,50.62,97.08,50.62,64.86,132;0;0;0,words,25,-1,0,31.29,0,0,false,false,english,,normal,false,false,false,,1778037430000
69fab21077aa7500335ac19d,false,47.71,98.43,47.71,68.83,125;0;0;0,words,25,-1,0,31.44,0,0,false,false,english,,normal,false,false,false,,1778037264000
69fab1a977aa7500335abeae,false,45.97,95.65,45.97,67.39,132;0;0;0,words,25,-1,0,34.46,0,0,false,false,english,,normal,false,false,false,,1778037161000
69f9b20777aa7500335027b3,false,42.57,96.75,42.57,66.75,117;0;0;0,words,25,-1,0,32.98,0,0,false,false,english,,normal,false,false,false,,1777971719000